"timeMerged","stress_outbreak","BAs_shopping","pss_1","pss_2","pss_3","pss_4","pss_5","pss_6","pss_7","pss_8","pss_9","pss_10","pss_11","pss_12","pss_13","pss_14"
1,9,NA,3,2,4,2,2,2,2,2,3,2,4,3,2,2
1,6,NA,2,2,2,2,2,2,2,2,2,2,2,3,2,1
1,4,NA,1,2,2,2,5,2,2,1,2,2,1,3,5,2
1,8,NA,4,3,4,2,1,2,4,3,5,3,2,3,1,3
1,9,NA,3,4,2,2,2,2,2,1,2,2,3,5,1,1
1,10,NA,5,5,5,2,3,3,4,3,3,3,5,2,3,3
1,8,NA,4,3,4,4,4,4,4,3,4,4,2,3,4,3
1,8,NA,2,3,3,2,4,2,3,2,2,3,3,4,2,2
1,4,NA,2,2,1,2,2,2,2,1,2,2,1,3,2,1
1,8,NA,2,1,3,1,1,1,1,1,2,1,3,4,1,1
1,8,NA,1,4,3,2,2,2,3,2,2,2,2,4,2,2
1,4,NA,2,1,2,2,2,1,2,1,2,2,2,4,1,1
1,7,NA,5,3,4,2,2,1,3,3,3,2,5,4,3,3
1,9,NA,4,3,3,3,3,3,3,2,3,3,3,3,2,2
1,10,NA,3,4,2,5,5,4,4,2,5,5,2,2,3,1
1,6,NA,3,2,3,3,2,1,2,3,3,2,2,4,1,4
1,9,NA,4,4,5,4,3,3,4,3,4,3,4,4,4,4
1,8,NA,2,3,3,2,3,3,3,2,2,3,2,5,2,3
1,4,NA,4,1,5,3,5,1,4,5,4,1,1,4,5,1
1,2,NA,2,2,3,2,1,1,2,1,2,2,2,5,1,1
1,8,NA,3,3,3,2,3,2,3,2,2,3,2,4,1,3
1,6,NA,3,3,3,3,3,4,4,3,3,3,3,3,2,3
1,3,NA,3,3,3,2,2,4,3,2,2,2,3,4,2,1
1,8,NA,2,2,3,3,3,3,3,2,2,3,2,4,2,2
1,7,NA,2,2,2,2,2,2,2,2,2,2,3,5,1,1
1,10,NA,5,5,5,4,4,4,4,5,4,5,4,5,3,5
1,6,NA,4,3,3,2,2,4,4,2,3,4,2,4,3,3
1,3,NA,2,2,2,1,1,1,1,2,1,2,2,5,2,2
1,8,NA,3,3,2,2,3,3,4,2,3,3,3,4,3,3
1,5,NA,3,1,3,1,2,1,2,1,2,1,3,5,1,2
1,6,NA,3,3,3,3,3,3,3,3,3,3,3,3,3,3
1,7,NA,3,2,3,2,2,2,3,3,2,2,3,5,3,3
1,7,NA,1,4,3,2,2,2,4,2,5,3,2,4,2,3
1,2,NA,2,1,2,1,2,2,3,3,3,2,2,3,2,2
1,4,NA,2,1,2,2,2,1,2,1,1,2,2,3,1,1
1,5,NA,2,2,2,2,4,2,3,2,2,2,2,3,3,3
1,10,NA,3,4,4,2,3,2,3,4,2,3,5,5,3,2
1,2,NA,2,2,3,3,2,3,2,1,3,2,2,3,1,1
1,2,NA,3,1,1,2,2,2,2,1,2,2,1,3,2,1
1,4,NA,2,2,2,3,3,2,3,2,2,3,2,3,3,2
1,9,NA,4,5,1,3,1,2,2,3,4,5,4,4,3,4
1,8,NA,3,2,3,3,4,4,3,2,4,4,2,3,2,4
1,5,NA,3,2,3,2,1,2,3,1,2,1,2,5,3,1
1,5,NA,2,1,3,1,2,2,3,2,2,2,2,3,2,1
1,8,NA,2,3,3,3,3,3,3,2,4,3,3,4,2,2
1,3,NA,1,2,2,2,2,2,2,1,2,1,2,3,1,1
1,4,NA,3,4,3,3,2,3,4,4,3,3,3,4,1,3
1,5,NA,3,1,3,2,2,2,2,2,2,2,1,1,1,2
1,6,NA,1,1,1,1,1,1,2,1,1,2,1,4,2,1
1,3,NA,1,1,1,5,5,5,5,1,5,5,1,1,5,1
1,9,NA,3,4,5,4,4,4,4,4,4,4,4,3,3,4
1,1,NA,1,3,2,1,1,1,3,1,2,3,4,5,2,1
1,7,NA,5,4,4,3,4,5,4,3,3,5,3,4,3,4
1,7,NA,2,2,2,2,2,2,2,1,2,2,1,4,2,3
1,3,NA,1,1,1,5,5,5,5,1,1,3,1,1,5,1
1,7,NA,3,4,5,2,2,3,3,5,2,1,4,5,3,5
1,8,NA,3,3,3,4,4,4,4,3,4,5,3,3,3,3
1,10,NA,3,4,3,3,3,4,2,3,4,2,3,3,4,2
1,10,NA,3,3,5,3,3,3,3,3,2,3,3,3,2,3
1,9,NA,2,3,3,2,2,2,3,2,3,3,5,4,3,1
1,8,NA,2,2,2,2,2,2,3,2,3,2,3,3,5,2
1,7,NA,2,3,4,3,2,3,4,4,2,3,3,3,2,4
1,6,NA,3,1,3,1,1,1,3,1,1,1,1,2,1,1
1,3,NA,1,1,1,1,1,1,1,1,1,1,1,1,1,1
1,9,NA,3,5,4,5,4,5,5,3,3,5,3,3,2,3
1,4,NA,2,2,3,1,1,1,1,2,2,1,2,4,2,1
1,6,NA,3,2,3,2,3,2,3,2,2,2,2,2,1,2
1,8,NA,3,3,3,1,2,2,3,1,1,1,2,3,2,1
1,6,NA,1,1,1,2,2,5,2,1,5,2,1,4,5,1
1,7,NA,1,3,3,3,3,2,3,2,4,3,5,4,2,1
1,2,NA,2,2,2,2,2,3,2,2,3,2,2,3,1,2
1,7,NA,3,2,3,2,3,2,4,1,5,3,1,3,2,3
1,9,NA,3,3,3,3,3,2,3,1,3,2,2,3,2,1
1,9,NA,1,1,4,4,2,3,5,1,3,2,1,3,1,1
1,7,NA,2,2,3,2,2,2,2,1,1,4,1,3,2,1
1,3,NA,2,2,2,2,2,2,2,1,2,2,1,4,2,1
1,7,NA,2,3,3,2,2,2,3,2,2,3,3,3,2,2
1,8,NA,2,3,4,3,3,3,3,3,3,3,3,4,2,3
1,7,NA,3,3,3,2,2,2,3,2,2,2,3,4,1,2
1,8,NA,4,3,5,2,2,2,3,2,2,2,3,5,1,3
1,6,NA,3,3,4,3,3,2,3,3,3,3,3,4,2,3
1,2,NA,3,3,2,3,3,3,3,3,3,3,3,3,3,3
1,4,NA,3,1,1,2,2,2,2,1,2,2,2,3,2,1
1,8,NA,3,3,5,4,3,3,4,1,4,4,3,3,2,4
1,7,NA,3,2,3,2,2,2,3,3,2,3,2,3,2,2
1,4,NA,1,1,2,4,2,1,2,1,2,1,1,4,1,1
1,1,NA,1,1,1,1,1,1,1,1,1,1,1,5,1,1
1,6,NA,2,2,3,1,2,1,2,2,2,2,2,3,2,1
1,8,NA,4,4,3,3,4,2,4,3,2,3,4,4,4,4
1,4,NA,2,3,3,2,3,2,3,2,3,4,2,3,1,3
1,7,NA,2,2,3,3,3,2,4,4,4,2,2,3,4,2
1,7,NA,3,4,5,3,3,3,4,3,4,3,2,4,3,3
1,9,NA,3,3,4,3,3,3,3,3,3,3,3,5,3,4
1,4,NA,1,1,1,1,1,1,2,1,1,1,1,5,1,1
1,7,NA,4,4,4,3,4,4,4,4,2,4,4,3,3,4
1,3,NA,3,1,3,2,3,3,3,1,3,2,3,4,2,1
1,8,NA,3,2,4,1,4,2,3,3,3,3,4,3,2,2
1,8,NA,2,4,5,2,3,3,3,3,3,4,2,5,3,3
1,9,NA,1,3,1,1,2,2,3,1,2,1,2,3,1,1
1,8,NA,2,3,3,2,2,3,3,2,3,4,1,4,2,2
1,8,NA,3,3,3,2,1,3,2,3,3,3,4,3,2,3
2,1,NA,1,1,1,3,3,2,3,1,3,3,1,2,2,1
2,2,NA,1,1,1,1,2,3,2,1,1,2,1,1,2,1
2,10,NA,5,4,3,4,4,2,4,4,2,3,3,4,2,3
2,3,NA,1,1,1,2,2,1,2,1,2,1,1,4,2,1
2,9,NA,2,3,2,4,2,2,4,2,4,2,4,4,3,2
2,6,NA,1,4,2,2,2,2,3,1,2,3,1,3,3,2
2,10,NA,4,4,4,5,5,5,5,5,5,5,4,5,4,5
2,6,NA,2,2,2,5,3,3,4,2,4,4,2,3,3,2
2,7,NA,4,4,3,2,3,3,3,3,2,2,4,3,3,3
2,8,NA,3,3,3,3,4,3,4,2,4,4,2,2,4,2
2,6,NA,3,2,3,2,2,2,3,1,3,2,3,4,3,1
2,9,NA,3,3,4,3,3,3,3,3,3,3,2,4,2,3
2,6,NA,2,2,3,2,2,2,3,2,2,2,2,3,1,2
2,8,NA,4,5,5,4,3,4,5,5,4,5,4,5,3,5
2,10,NA,3,4,4,3,3,4,4,3,3,4,4,3,3,3
2,7,NA,3,2,4,2,3,3,3,4,3,3,4,3,2,3
2,8,NA,4,4,3,3,4,2,4,1,3,3,4,3,3,3
2,6,NA,2,3,2,2,2,2,3,1,2,2,3,3,3,1
2,8,NA,3,4,5,3,3,4,4,5,3,4,3,3,3,5
2,4,NA,4,4,3,3,4,3,3,2,3,3,3,4,2,4
2,3,NA,1,1,1,2,2,1,3,1,2,3,1,3,2,1
2,9,NA,2,2,3,1,2,2,3,1,2,2,2,4,2,2
2,8,NA,3,2,4,4,3,3,2,3,4,5,4,2,4,3
2,10,NA,5,5,5,3,3,4,5,3,4,4,5,4,5,4
2,3,NA,2,1,3,1,2,1,3,1,1,2,1,3,2,1
2,4,NA,2,2,3,2,1,2,2,1,1,1,2,4,2,1
2,10,NA,5,5,5,4,3,3,4,3,4,5,5,5,3,3
2,8,NA,3,4,4,2,1,2,3,5,1,2,5,3,2,3
2,3,NA,1,1,1,1,1,2,1,1,1,1,2,4,2,1
2,6,NA,3,2,3,2,2,2,3,2,2,2,3,5,4,1
2,4,NA,2,1,3,2,2,2,3,1,2,2,2,3,2,2
2,1,NA,3,2,2,1,1,1,2,2,2,1,3,4,2,2
2,10,NA,4,5,5,4,2,2,3,3,4,3,3,3,3,3
2,10,NA,3,5,5,3,3,2,2,5,3,4,2,5,1,5
2,8,NA,4,4,4,3,3,3,4,3,4,4,4,3,3,3
2,8,NA,2,3,3,2,3,3,3,3,2,3,2,5,2,3
2,10,NA,4,4,5,3,4,4,3,4,4,4,4,4,3,4
2,2,NA,1,1,1,1,1,1,1,1,1,1,1,5,1,1
2,5,NA,2,1,3,2,2,2,3,2,3,2,3,3,3,1
2,1,NA,2,2,2,2,4,1,2,2,2,2,2,2,4,4
2,7,NA,2,1,3,2,2,2,2,1,2,2,2,3,2,1
2,7,NA,4,2,3,2,2,1,3,2,2,3,2,4,2,3
2,2,NA,1,1,2,1,1,1,3,1,1,1,1,3,1,1
2,5,NA,2,3,2,2,2,1,2,2,2,2,2,4,3,3
2,7,NA,2,4,3,3,3,2,3,2,3,3,3,4,2,2
2,3,NA,1,1,1,1,1,1,2,1,1,1,1,3,1,1
2,10,NA,4,4,4,2,2,2,2,4,2,2,4,4,2,4
2,8,NA,2,4,4,2,3,3,4,2,3,3,3,3,1,3
2,9,NA,1,5,4,3,3,3,3,4,4,2,2,2,3,5
2,3,NA,1,2,2,1,2,1,3,1,1,1,1,3,1,1
2,2,NA,1,1,1,1,1,1,2,1,1,1,1,2,1,1
2,8,NA,2,3,4,3,3,2,2,3,3,3,2,2,3,2
2,5,NA,1,1,2,5,5,5,2,1,1,5,1,1,3,1
2,6,NA,3,3,3,3,3,3,3,3,3,4,2,4,2,3
2,10,NA,4,4,5,3,4,5,4,5,3,5,3,3,2,5
2,6,NA,2,3,3,2,3,4,3,4,3,4,3,4,2,4
2,4,NA,1,1,1,5,5,5,5,1,5,5,1,1,5,1
2,8,NA,2,4,3,2,2,2,2,2,2,2,2,4,2,3
2,3,NA,3,3,3,4,2,1,2,2,1,1,4,1,2,2
2,10,NA,5,5,4,2,1,1,2,5,2,1,4,3,2,3
2,7,NA,3,4,4,4,4,4,3,4,4,4,3,5,3,4
2,10,NA,5,5,4,1,2,2,1,4,2,1,5,4,2,5
2,8,NA,3,3,4,2,3,3,4,2,3,3,3,3,3,2
2,9,NA,3,2,4,2,4,4,4,5,4,4,2,4,3,4
2,7,NA,4,3,3,2,3,2,3,3,2,3,3,4,1,3
2,3,NA,1,1,1,2,2,1,1,1,2,2,1,2,1,1
2,7,NA,4,4,4,3,4,4,4,4,4,4,4,3,3,4
2,9,NA,1,1,4,3,3,1,3,1,3,3,4,4,1,1
2,10,NA,3,3,4,3,3,3,4,3,3,3,3,4,2,3
2,6,NA,1,2,2,3,2,2,3,1,3,2,1,3,3,1
2,8,NA,2,3,4,3,4,3,4,3,3,4,2,3,2,2
2,4,NA,1,1,1,3,3,2,2,1,2,2,1,1,2,1
2,8,NA,4,3,4,3,4,3,4,4,4,4,3,4,2,4
2,8,NA,3,3,5,3,4,4,4,3,4,4,2,3,4,3
2,7,NA,2,2,3,1,2,3,3,2,2,3,2,3,3,2
2,2,NA,1,1,1,2,2,3,3,1,2,4,1,3,2,1
2,3,NA,1,1,2,2,2,2,2,1,2,2,1,3,2,1
2,8,NA,3,4,4,1,2,3,3,4,2,3,3,4,3,3
2,7,NA,2,2,3,2,2,2,2,1,2,2,1,3,2,1
2,7,NA,1,2,2,3,5,2,1,4,4,4,3,2,4,2
2,3,NA,1,2,2,2,2,2,3,1,2,2,1,3,2,1
2,2,NA,1,4,1,1,1,1,2,1,1,2,1,3,3,1
2,4,NA,1,1,3,2,2,2,2,2,1,2,2,3,2,1
2,8,NA,3,3,4,2,2,3,3,4,2,3,3,4,2,3
2,9,NA,3,4,5,3,2,3,4,3,2,3,1,3,3,3
2,3,NA,1,1,1,1,1,1,1,1,1,1,1,3,2,1
2,10,NA,4,1,4,4,1,3,4,2,4,4,5,3,1,3
2,6,NA,3,2,3,2,2,2,3,3,2,2,2,3,1,3
2,7,NA,3,2,4,1,3,2,3,3,3,2,2,2,1,3
2,9,NA,4,5,4,1,2,2,2,5,1,2,5,4,2,5
2,1,NA,1,1,1,1,1,1,1,1,1,1,1,5,1,1
2,4,NA,3,3,3,2,3,3,4,3,3,3,4,4,3,3
2,2,NA,1,1,1,1,5,1,1,1,1,1,1,1,5,1
2,8,NA,5,5,5,3,1,2,4,5,3,3,5,4,2,2
2,6,NA,2,3,2,3,4,3,3,3,4,3,2,2,4,2
3,9,NA,3,3,4,2,3,3,4,4,3,4,4,5,2,3
3,9,NA,4,3,2,2,3,3,3,4,2,2,3,4,3,4
3,4,NA,1,1,2,1,1,2,2,2,2,1,1,3,1,1
3,5,NA,2,2,2,1,1,1,1,2,1,2,2,5,2,2
3,6,NA,3,2,3,2,1,2,2,1,3,2,1,5,2,2
3,2,NA,3,4,4,3,3,3,4,4,4,4,4,5,1,4
3,10,NA,3,4,4,2,2,4,3,3,3,3,3,2,3,5
3,7,NA,4,4,3,4,2,4,2,3,3,3,3,2,3,3
3,3,NA,3,2,5,2,2,3,3,2,2,2,3,4,2,2
3,3,NA,1,1,2,2,2,2,3,1,2,2,1,3,3,1
3,4,NA,2,3,5,3,3,5,4,4,1,2,2,4,1,3
3,5,NA,1,1,1,1,1,1,2,1,1,1,1,3,1,1
3,10,NA,2,1,3,2,2,2,3,1,2,2,2,3,1,2
3,3,NA,2,1,2,1,2,2,2,2,2,4,4,4,1,1
3,10,NA,4,4,3,2,2,2,1,5,2,2,3,4,2,5
3,7,NA,2,1,2,3,3,3,3,1,3,3,2,3,3,1
3,7,NA,2,1,3,2,2,2,2,1,5,2,2,1,2,1
3,9,NA,5,5,5,5,5,5,5,5,5,5,5,5,4,5
3,7,NA,2,2,3,2,2,2,2,2,2,2,2,3,2,2
3,8,NA,2,2,3,3,3,3,2,3,3,3,2,2,3,2
3,8,NA,3,3,4,2,2,2,2,2,3,3,3,4,2,2
3,5,"a little bit",1,1,1,1,1,1,3,1,1,1,1,3,1,1
3,7,"somewhat",2,2,3,2,2,2,3,1,2,2,2,3,2,1
3,8,"a little bit",3,3,3,3,2,2,4,2,3,4,5,4,2,4
3,7,"not at all",3,3,3,2,2,3,4,1,3,2,3,4,1,2
3,3,"a little bit",2,1,2,2,1,1,3,1,2,3,2,3,2,1
3,7,"quite a lot",2,4,2,3,3,5,3,3,5,4,3,5,1,1
3,9,"a little bit",1,1,3,1,2,2,1,2,1,1,1,2,2,1
3,2,"not at all",1,1,1,1,1,1,1,1,1,1,1,2,1,1
3,3,"a little bit",5,2,3,3,2,3,2,3,2,2,4,5,3,3
3,7,"a little bit",3,4,4,4,3,4,4,4,3,4,2,4,3,4
3,2,"not at all",1,1,1,1,1,1,1,1,1,1,1,3,1,1
3,8,"quite a lot",3,3,3,3,3,4,4,2,2,3,2,3,4,3
3,10,"quite a lot",1,1,1,1,1,1,2,1,3,1,1,4,1,1
3,1,"somewhat",3,4,3,3,3,3,4,3,4,2,2,2,2,3
3,5,"quite a lot",3,3,3,2,2,2,2,3,2,2,3,4,2,3
3,5,"a little bit",3,2,3,2,3,2,3,1,2,2,3,4,3,1
3,2,"a little bit",2,2,1,2,3,4,4,2,2,4,2,3,4,2
3,3,"a little bit",3,3,4,3,3,3,3,2,3,3,2,5,3,4
3,9,"not at all",1,1,3,5,5,5,5,1,4,5,1,1,2,1
3,10,"a little bit",2,3,5,1,2,1,5,1,2,2,2,4,2,1
3,5,"a little bit",2,3,2,2,2,3,3,1,3,2,3,3,2,1
3,8,"somewhat",3,2,3,3,2,2,2,3,2,2,4,3,1,3
3,7,"not at all",3,2,4,2,3,2,3,2,3,3,3,2,3,2
3,4,"not at all",1,2,3,2,3,3,4,3,2,3,1,3,2,3
3,2,"a little bit",1,1,1,1,1,1,1,1,1,1,1,1,1,1
3,2,"not at all",2,3,3,3,4,4,3,4,3,4,2,3,1,4
3,6,"quite a lot",2,4,3,2,2,2,2,2,2,2,2,4,2,2
3,6,"not at all",1,1,2,2,4,2,2,1,2,3,2,3,2,1
3,1,"somewhat",1,1,1,1,1,1,1,1,1,1,1,2,1,1
3,6,"not at all",1,1,2,1,1,1,2,1,1,2,3,4,1,1
3,6,"quite a lot",4,4,4,2,2,2,3,2,4,4,2,2,3,4
3,4,"a little bit",1,1,2,1,1,1,1,1,1,1,1,1,1,1
3,6,"quite a lot",4,5,3,1,2,2,1,5,1,2,5,4,1,4
3,5,"a little bit",2,4,2,2,1,2,3,2,3,2,2,3,3,2
3,3,"somewhat",2,2,3,5,5,3,3,3,5,3,4,1,3,2
3,8,"quite a lot",3,3,3,2,3,3,3,3,2,4,3,4,3,2
3,5,"quite a lot",3,2,2,4,2,2,2,3,3,2,4,3,4,2
3,6,"a little bit",3,3,3,4,2,4,4,4,3,4,4,1,4,4
3,7,"quite a lot",3,4,3,2,2,3,3,4,3,3,4,3,2,4
3,9,"not at all",2,4,3,2,4,1,4,2,2,2,3,5,2,3
3,8,"somewhat",5,3,5,3,3,3,3,4,3,3,3,3,2,5
3,2,"a little bit",2,1,2,1,2,1,2,1,2,2,1,4,1,1
3,5,"a little bit",3,3,4,4,4,4,4,3,3,4,3,3,3,3
3,5,"somewhat",2,4,2,3,3,3,3,2,3,3,2,3,3,2
3,9,"quite a lot",4,4,4,3,1,3,2,3,2,3,3,4,3,4
3,6,"a little bit",1,2,2,2,3,2,2,1,2,2,1,4,2,1
3,10,"not at all",3,4,5,3,4,4,5,4,4,4,3,5,2,5
3,3,"a little bit",5,4,5,4,5,4,4,4,2,4,4,4,3,4
3,10,"not at all",5,1,2,3,1,3,2,4,1,2,4,2,3,2
3,7,"somewhat",4,3,4,2,3,4,3,3,3,3,3,3,4,3
3,1,"a little bit",1,1,3,1,1,1,1,1,1,1,1,5,1,1
3,9,"somewhat",3,3,5,3,1,2,2,4,2,2,3,4,2,3
3,8,"quite a lot",5,5,5,4,4,4,4,5,4,4,5,4,3,5
3,9,"somewhat",4,3,4,2,3,2,3,1,2,2,3,3,2,1
3,9,"somewhat",4,5,4,3,1,2,2,3,2,1,5,4,3,4
3,8,"quite a lot",3,3,1,4,4,2,2,3,4,4,2,3,3,3
3,7,"a little bit",2,2,3,1,2,2,2,1,3,1,3,3,3,1
3,6,"not at all",1,3,3,2,3,3,3,2,2,3,2,5,1,3
3,7,"a little bit",3,4,4,1,3,2,3,4,2,1,3,4,2,5
3,2,"not at all",1,1,1,1,1,1,1,1,1,1,1,5,1,1
3,8,"a little bit",3,3,5,4,4,4,4,3,4,4,3,4,3,3
3,10,"a little bit",3,4,4,3,3,4,4,4,3,4,2,3,2,4
3,1,"somewhat",1,1,1,1,1,1,1,1,1,1,1,3,1,1
3,8,"somewhat",1,1,2,1,2,1,1,1,1,1,1,3,1,1
3,8,"not at all",3,3,3,3,3,2,3,3,3,2,3,4,2,2
3,9,"somewhat",3,3,5,4,4,4,3,5,4,4,1,4,3,5
3,2,"not at all",1,4,2,1,1,1,2,1,2,2,1,1,2,1
3,7,"somewhat",3,3,4,2,3,2,3,2,3,3,2,5,2,2
3,8,"a little bit",4,3,4,2,3,3,3,3,3,3,4,4,4,3
3,5,"somewhat",2,2,4,3,3,2,3,2,3,3,2,5,3,2
3,3,"not at all",2,2,2,2,2,2,2,1,2,2,2,3,3,1
3,8,"a little bit",3,2,4,1,1,2,2,1,2,2,2,5,3,1
3,7,"somewhat",3,3,5,3,2,3,3,2,2,3,3,4,3,2
4,8,"somewhat",4,4,3,2,2,2,3,3,2,2,4,4,2,4
4,8,"a little bit",3,4,3,2,3,3,2,3,3,2,4,3,2,4
4,8,"somewhat",3,5,4,3,1,3,2,4,2,2,5,5,1,5
4,3,"a little bit",1,2,2,1,2,2,2,1,2,2,2,4,2,1
4,3,"not at all",1,1,1,1,1,1,5,1,1,1,1,4,2,1
4,9,"somewhat",4,5,3,2,2,1,2,5,2,1,4,3,2,3
4,9,"not at all",3,3,4,3,3,2,4,3,3,3,3,4,3,3
4,7,"a little bit",4,3,2,4,5,3,1,4,4,4,5,1,4,4
4,5,"a little bit",2,3,2,4,3,3,2,2,2,3,2,4,2,2
4,5,"a little bit",1,1,2,1,2,2,2,1,2,2,1,1,3,1
4,8,"a little bit",4,5,5,3,3,3,5,3,4,3,4,5,3,4
4,8,"a little bit",3,2,3,2,1,5,2,2,3,1,3,4,1,1
4,5,"a little bit",3,2,2,1,4,1,2,2,2,1,3,5,3,1
4,5,"a little bit",3,3,4,4,3,3,2,4,2,4,4,4,3,5
4,5,"somewhat",3,4,2,3,3,2,3,2,3,2,3,3,4,2
4,8,"not at all",4,3,4,4,3,4,4,3,4,4,4,4,4,4
4,8,"a little bit",2,2,3,1,1,2,2,1,1,1,2,4,1,1
4,8,"somewhat",4,3,2,4,3,3,3,3,2,3,3,2,3,3
4,3,"not at all",2,5,2,2,2,3,3,1,2,3,2,2,3,1
4,5,"a little bit",4,3,3,2,3,3,2,2,2,4,3,2,3,3
4,7,"somewhat",3,4,3,2,3,2,3,2,4,2,4,3,3,3
4,3,"quite a lot",2,1,1,5,1,1,1,1,1,1,1,4,2,1
4,2,"not at all",2,1,2,2,1,1,2,2,2,1,2,3,1,2
4,7,"a little bit",3,3,4,4,4,5,5,4,4,5,3,3,3,4
4,9,"a little bit",3,3,4,3,2,3,2,3,3,3,3,3,3,4
4,8,"quite a lot",4,4,3,1,3,2,2,4,1,3,5,3,1,4
4,9,"quite a lot",3,5,4,2,3,2,1,4,2,1,4,4,3,5
4,8,"somewhat",3,3,5,3,3,2,3,4,3,2,3,4,2,4
4,4,"not at all",5,3,5,3,3,2,2,2,5,3,2,2,2,1
4,9,"quite a lot",2,4,4,3,2,3,3,4,2,4,4,4,2,3
4,10,"not at all",4,3,4,2,3,3,3,3,2,3,3,4,3,4
4,4,"a little bit",2,1,2,2,2,2,2,2,3,3,1,5,3,1
4,1,"a little bit",1,1,1,1,1,1,1,1,1,1,1,4,1,1
4,5,"quite a lot",5,4,3,2,1,2,1,5,2,2,4,3,1,4
4,4,"a little bit",2,2,3,1,2,1,4,1,4,3,2,3,2,1
4,7,"not at all",1,2,3,2,1,1,2,2,2,2,2,3,3,1
4,6,"somewhat",3,4,4,3,3,3,2,3,2,3,4,3,2,3
4,8,"quite a lot",3,2,2,5,2,3,3,2,5,2,3,3,4,2
4,9,"a little bit",4,4,3,4,1,3,2,3,1,3,4,3,2,2
4,8,"quite a lot",5,2,4,2,2,3,2,3,1,3,5,3,2,4
4,9,"quite a lot",4,5,5,2,1,2,2,5,3,2,4,4,3,5
4,9,"too much",4,4,4,2,2,4,2,3,3,2,2,3,3,4
4,6,"a little bit",2,3,2,3,4,2,3,3,3,3,4,3,2,2
4,7,"somewhat",4,3,3,3,2,3,2,3,2,2,3,3,2,2
4,5,"not at all",3,3,2,2,2,2,3,1,2,3,3,3,2,1
4,6,"a little bit",2,2,3,2,1,1,3,2,2,2,2,4,2,2
4,5,"quite a lot",2,1,2,2,2,1,2,2,2,3,2,4,2,2
4,9,"quite a lot",5,3,4,3,2,2,2,4,3,3,3,3,1,2
4,3,"quite a lot",1,1,1,4,1,1,1,1,1,1,1,5,1,1
4,6,"not at all",1,1,2,2,2,2,3,1,3,2,1,2,2,1
4,6,"a little bit",2,2,2,3,3,2,3,1,2,3,1,4,2,1
4,3,"somewhat",3,3,5,2,3,1,2,4,2,3,5,2,2,4
4,10,"somewhat",3,2,4,3,1,1,2,3,2,3,5,4,3,2
4,10,"somewhat",3,4,4,2,2,2,2,4,2,2,4,5,2,4
4,3,"somewhat",3,2,4,2,2,3,3,3,3,2,3,4,3,3
4,6,"a little bit",5,4,3,3,2,1,3,4,4,2,3,5,2,3
4,8,"a little bit",3,4,5,3,3,3,3,4,3,3,4,3,3,4
4,5,"a little bit",1,2,3,2,2,1,3,1,1,2,1,4,2,1
4,7,"a little bit",3,4,4,3,2,3,3,3,3,2,4,3,2,2
4,9,"quite a lot",4,4,4,3,4,4,1,4,2,3,5,3,2,3
4,10,"a little bit",5,5,5,5,5,5,5,3,5,5,5,3,5,5
4,9,"not at all",3,3,4,3,2,2,3,3,2,4,2,3,3,3
4,9,"a little bit",3,3,4,3,3,3,3,3,3,3,3,5,3,3
4,9,"quite a lot",4,4,5,2,2,1,2,5,1,1,4,5,2,5
4,8,"somewhat",4,4,3,3,3,2,4,4,3,3,4,3,4,3
4,2,"a little bit",2,1,3,2,3,4,2,3,4,4,4,4,1,3
4,4,"not at all",2,2,2,3,5,5,5,2,5,4,1,2,4,1
4,9,"quite a lot",3,5,4,1,2,2,1,4,1,1,4,5,1,5
4,7,"a little bit",3,3,2,2,2,3,3,1,2,3,2,3,2,2
4,7,"a little bit",2,1,1,1,2,4,2,2,1,1,2,4,2,1
4,2,"somewhat",2,1,2,1,1,1,1,1,1,1,2,4,1,1
4,8,"quite a lot",4,4,4,1,1,1,2,4,1,2,4,5,1,5
4,9,"quite a lot",5,4,3,3,2,2,1,3,3,2,4,3,3,4
4,9,"quite a lot",3,4,4,2,3,3,3,3,3,2,3,4,2,4
4,9,"quite a lot",3,4,5,1,5,2,2,3,2,2,5,4,5,4
4,7,"a little bit",2,4,3,2,4,2,3,3,2,2,3,2,2,2
4,3,"a little bit",2,1,1,2,2,2,2,1,3,2,2,3,1,1
4,3,"not at all",1,1,1,5,5,5,5,1,5,5,1,1,5,1
4,8,"not at all",4,3,5,3,3,3,2,3,3,2,2,4,2,2
4,2,"a little bit",1,1,1,2,2,1,2,1,2,1,1,4,3,1
4,8,"a little bit",2,3,3,3,4,3,2,4,2,3,2,3,2,3
4,1,"somewhat",3,3,3,3,3,3,3,3,3,3,3,3,3,3
4,7,"a little bit",4,4,3,2,2,2,2,3,2,2,3,3,3,3
4,6,"a little bit",3,3,4,2,3,3,3,2,2,3,3,3,3,3
4,8,"somewhat",4,4,4,2,3,3,4,4,4,4,4,4,3,3
4,8,"quite a lot",3,4,4,3,2,2,3,3,2,3,3,3,2,4
4,10,"quite a lot",4,3,2,3,2,2,2,2,4,3,4,2,4,4
4,5,"a little bit",2,2,1,2,1,2,3,1,2,4,3,3,1,1
4,8,"quite a lot",3,2,2,3,2,1,3,1,2,3,2,3,2,3
4,8,"quite a lot",2,1,1,2,1,4,1,2,1,1,1,4,2,1
4,8,"a little bit",2,3,3,3,4,4,3,3,3,3,2,5,4,3
4,3,"not at all",2,2,2,2,2,2,3,2,2,3,2,4,2,2
4,3,"a little bit",2,1,3,1,1,1,2,1,1,1,2,4,2,1
5,1,"a little bit",3,4,4,2,1,2,1,2,1,1,3,4,1,2
5,4,"a little bit",2,2,2,2,2,2,2,2,2,2,2,3,2,2
5,10,"quite a lot",2,4,3,3,4,3,5,2,3,4,3,3,3,1
5,10,"somewhat",4,2,4,2,3,3,3,2,3,3,4,4,2,2
5,7,"too much",5,5,4,3,3,3,3,5,2,1,4,5,2,4
5,4,"not at all",1,1,2,2,2,1,2,1,2,2,1,3,1,1
5,3,"a little bit",2,5,2,1,1,1,1,2,1,1,2,5,1,2
5,7,"a little bit",4,5,5,5,5,5,4,5,5,5,4,5,3,5
5,9,"somewhat",3,3,3,4,3,3,3,3,4,3,3,3,3,2
5,8,"a little bit",2,3,4,2,2,2,5,2,3,2,3,4,2,3
5,6,"a little bit",3,2,3,3,3,3,3,2,3,3,3,3,3,2
5,7,"not at all",3,2,3,2,3,2,3,2,3,3,2,3,3,2
5,6,"a little bit",2,3,2,1,2,2,3,1,2,3,2,3,4,1
5,5,"not at all",3,3,2,4,4,2,2,2,2,3,3,4,2,2
5,8,"a little bit",4,4,3,2,3,2,2,3,2,3,2,2,3,3
5,8,"quite a lot",3,2,4,4,3,4,5,3,3,5,3,4,4,3
5,5,"a little bit",3,2,2,2,2,2,2,2,2,2,3,3,1,2
5,7,"somewhat",3,4,3,3,3,2,2,3,2,2,3,5,2,3
5,5,"not at all",2,1,1,2,2,2,3,1,3,2,2,4,3,1
5,4,"not at all",1,1,1,2,2,2,3,1,2,2,1,3,2,1
5,8,"quite a lot",5,3,3,2,2,2,2,3,3,4,5,3,2,5
5,10,"quite a lot",5,5,5,3,3,3,5,5,3,4,5,5,3,5
5,7,"somewhat",3,3,4,3,3,3,3,3,4,2,3,4,3,3
5,9,"quite a lot",3,1,3,5,4,3,2,4,1,3,4,3,2,2
5,3,"a little bit",3,3,3,3,3,3,3,3,3,3,3,4,3,3
5,3,"a little bit",1,1,1,1,2,2,2,1,2,2,1,3,1,1
5,4,"a little bit",3,2,3,2,2,2,2,2,2,2,3,3,2,2
5,4,"a little bit",3,2,2,2,3,3,2,2,3,3,3,4,3,2
5,10,"quite a lot",3,3,4,3,3,3,5,2,3,3,3,3,4,3
5,1,"somewhat",1,1,1,1,1,1,2,1,1,1,1,4,2,1
5,1,"a little bit",1,1,1,1,1,1,1,1,1,1,1,5,1,1
5,4,"a little bit",3,5,4,2,3,2,2,3,2,2,4,4,2,4
5,1,"too much",1,1,1,5,1,1,1,4,1,1,1,5,2,1
5,8,"not at all",4,4,3,1,3,1,1,3,1,2,4,4,2,3
5,8,"not at all",1,4,3,4,5,4,5,2,2,5,2,3,3,3
5,3,"quite a lot",4,2,4,4,2,1,3,3,3,4,2,1,2,5
5,3,"somewhat",1,3,1,1,2,1,2,1,1,1,1,4,1,1
5,10,"too much",5,5,5,1,4,4,4,4,4,4,5,5,4,4
5,4,"somewhat",1,1,1,5,5,5,5,1,5,5,1,1,5,1
5,10,"a little bit",5,4,5,5,5,5,5,5,5,4,5,4,2,4
5,3,"a little bit",2,1,1,4,3,5,5,1,5,4,1,1,5,2
5,4,"somewhat",3,2,3,2,3,2,2,2,3,2,3,3,3,3
5,9,"a little bit",3,4,4,3,3,3,4,4,2,4,4,4,3,4
5,6,"a little bit",2,2,4,3,4,2,3,2,3,2,3,4,3,2
5,4,"a little bit",4,4,3,4,2,3,2,3,3,3,2,4,4,4
5,4,"somewhat",2,5,5,2,5,5,5,4,2,4,2,3,2,5
5,5,"not at all",3,3,2,2,3,3,4,1,2,3,3,3,1,1
5,5,"not at all",1,1,2,2,3,1,3,1,3,1,1,5,2,1
5,8,"a little bit",4,4,5,4,4,4,4,4,5,5,5,3,3,4
5,2,"somewhat",3,2,2,1,1,2,3,2,2,3,3,4,2,2
5,3,"not at all",3,2,2,2,3,1,2,1,2,1,2,5,3,1
5,8,"quite a lot",3,3,4,2,4,2,2,2,2,3,2,3,2,3
5,3,"a little bit",1,1,2,2,2,2,2,1,1,3,1,4,2,1
5,6,"not at all",2,2,3,2,3,2,3,2,2,3,3,2,2,2
5,10,"a little bit",5,5,5,3,4,4,5,1,4,3,4,2,1,4
5,7,"a little bit",2,2,4,2,2,1,1,2,2,1,2,4,2,2
5,4,"not at all",1,5,5,3,4,5,5,5,3,5,3,5,4,5
5,7,"a little bit",2,2,2,2,2,2,2,2,2,2,2,2,2,2
5,7,"a little bit",1,2,2,2,4,1,2,2,2,2,2,4,2,1
5,9,"a little bit",1,2,5,2,3,2,3,2,3,2,2,5,3,2
5,8,"not at all",1,1,2,1,1,2,1,1,1,1,1,3,1,1
5,6,"a little bit",3,2,3,1,1,1,3,2,2,2,1,3,2,1
5,7,"a little bit",2,1,2,2,2,2,2,1,2,1,2,3,1,2
5,10,"too much",4,5,2,4,3,2,2,2,2,2,3,3,3,2
5,8,"somewhat",4,3,1,3,2,3,3,1,3,2,3,4,2,2
5,2,"quite a lot",3,4,1,4,4,3,4,2,3,4,3,3,2,3
5,2,"somewhat",1,1,1,1,1,1,1,1,1,1,1,5,1,1
5,6,"somewhat",1,1,2,1,2,2,2,1,2,2,1,4,2,1
5,9,"quite a lot",4,3,5,2,2,3,2,5,2,2,3,4,1,5
5,4,"somewhat",3,4,4,4,4,4,4,4,4,4,3,4,3,4
5,5,"somewhat",2,2,2,2,3,2,2,2,2,3,1,3,2,2
5,7,"a little bit",2,2,4,4,4,4,2,2,2,4,2,4,2,2
5,3,"a little bit",1,1,1,1,2,2,2,1,3,2,1,1,1,1
5,5,"somewhat",2,1,2,2,2,5,2,1,2,2,2,2,2,1
5,6,"somewhat",3,3,3,2,1,1,1,3,2,1,4,4,2,3
5,7,"quite a lot",4,4,5,2,1,2,2,5,2,2,4,4,1,4
5,7,"somewhat",3,2,2,4,3,1,2,3,2,2,2,2,3,4
5,2,"a little bit",1,1,2,1,1,1,1,1,1,1,1,4,1,1
5,9,"a little bit",2,3,3,2,3,3,3,2,2,2,3,3,1,2
5,7,"a little bit",1,3,4,3,4,3,4,2,3,4,2,4,2,3
5,9,"somewhat",4,4,3,2,1,2,1,3,3,2,3,4,2,3
5,1,"a little bit",2,2,2,1,1,1,2,1,2,2,3,3,1,1
5,5,"quite a lot",2,3,5,2,2,1,3,3,2,2,4,5,1,4
5,6,"somewhat",1,1,1,1,1,1,2,5,1,1,1,5,1,1
5,5,"a little bit",2,2,2,1,2,1,2,2,2,2,2,4,2,2
5,6,"somewhat",4,5,4,1,3,3,2,5,2,2,3,2,3,2
5,8,"quite a lot",3,3,5,4,4,3,2,3,2,2,4,3,1,1
5,4,"a little bit",1,2,3,2,2,2,2,1,2,1,2,5,1,1
5,2,"a little bit",1,1,2,1,1,1,1,1,1,1,1,3,1,1
5,7,"quite a lot",3,4,3,4,4,3,3,4,3,3,3,4,2,2
5,6,"not at all",4,5,5,4,4,5,4,2,5,4,3,5,4,5
5,9,"somewhat",3,1,4,2,2,2,2,1,3,2,1,4,2,1
5,5,"a little bit",1,4,1,1,1,1,2,1,2,1,2,4,4,1
6,7,"quite a lot",2,3,4,2,4,4,3,3,3,2,4,4,3,4
6,8,"somewhat",1,3,4,2,3,3,3,2,3,3,2,4,2,2
6,3,"somewhat",3,2,2,3,4,3,2,3,3,3,2,3,2,3
6,10,"too much",4,4,4,4,4,4,4,3,3,4,4,5,3,3
6,8,"not at all",3,4,3,3,2,2,3,2,3,3,3,5,3,4
6,5,"a little bit",2,2,2,1,1,1,1,1,1,1,2,5,1,1
6,8,"a little bit",4,2,3,2,4,3,4,2,2,4,3,5,3,3
6,9,"quite a lot",4,4,5,2,2,2,1,4,1,2,5,5,1,4
6,3,"not at all",2,1,2,1,1,1,3,1,2,2,2,3,2,1
6,2,"not at all",1,1,2,1,1,1,2,1,1,1,1,3,1,1
6,4,"somewhat",4,4,5,5,4,5,5,1,4,5,3,3,4,3
6,8,"somewhat",4,4,4,4,4,4,3,4,4,3,4,3,4,4
6,5,"somewhat",2,3,2,2,4,2,3,2,5,3,2,4,4,1
6,6,"somewhat",1,1,2,2,2,2,2,1,2,2,1,3,2,1
6,7,"somewhat",4,3,4,2,2,3,2,4,3,3,4,4,2,4
6,9,"somewhat",3,3,4,2,2,2,3,2,2,3,3,4,1,3
6,6,"somewhat",2,2,2,4,3,2,3,2,2,3,2,2,2,2
6,7,"not at all",2,4,3,4,4,5,5,3,3,5,2,4,3,3
6,4,"a little bit",2,3,2,2,2,2,2,4,2,2,3,4,1,1
6,10,"somewhat",2,4,3,2,2,2,2,2,2,2,2,3,2,2
6,7,"somewhat",3,3,3,3,2,2,3,3,3,3,3,3,3,3
6,6,"too much",4,3,2,3,3,2,2,3,4,2,5,2,3,3
6,3,"not at all",1,1,2,2,1,1,2,1,2,1,1,4,1,1
6,10,"a little bit",2,2,4,1,2,2,3,3,2,2,3,5,2,3
6,6,"not at all",3,2,4,1,1,2,4,2,2,3,3,3,3,2
6,2,"not at all",4,3,4,2,4,1,2,1,3,4,1,3,3,1
6,5,"not at all",3,4,3,3,3,2,3,3,3,3,2,4,2,3
6,1,"a little bit",1,1,1,5,1,1,1,1,1,1,1,1,1,1
6,4,"not at all",3,2,3,5,2,3,5,5,4,4,3,2,3,4
6,8,"quite a lot",5,4,4,4,4,4,3,4,4,4,4,3,3,2
6,8,"a little bit",3,3,4,4,4,3,4,3,3,3,3,4,4,3
6,8,"not at all",1,1,1,1,1,2,3,1,1,2,1,4,2,1
6,7,"somewhat",2,4,2,4,3,3,2,3,2,2,3,3,3,2
6,7,"a little bit",2,1,3,1,1,1,2,1,4,1,2,5,1,1
6,1,"somewhat",2,3,3,4,2,2,3,4,3,4,3,3,4,3
6,4,"a little bit",1,5,1,1,1,1,1,1,1,1,1,5,1,1
6,7,"a little bit",1,2,2,3,2,1,2,1,2,2,2,4,3,1
6,8,"not at all",1,1,1,2,2,2,3,1,2,2,1,3,2,1
6,10,"not at all",3,3,3,2,2,2,3,3,3,2,4,3,3,3
6,10,"not at all",2,2,2,4,2,3,3,4,5,4,2,3,4,3
6,8,"somewhat",3,2,3,3,3,2,2,3,4,3,2,2,2,2
6,4,"not at all",2,1,2,2,2,3,3,1,3,3,1,3,3,1
6,4,"somewhat",1,2,2,2,1,1,3,2,2,1,3,5,2,1
6,1,"not at all",1,3,4,2,4,3,4,3,3,4,1,3,3,2
6,4,"a little bit",2,1,3,2,2,1,2,1,2,2,2,3,1,2
6,3,"quite a lot",3,3,4,3,3,3,2,3,4,2,3,3,4,4
6,6,"quite a lot",4,3,3,1,3,1,2,3,2,3,5,2,2,5
6,9,"quite a lot",4,5,3,1,1,1,1,4,2,1,4,4,2,4
6,2,"somewhat",4,4,4,2,3,2,2,5,2,2,3,5,1,4
6,9,"quite a lot",3,4,3,2,1,2,2,4,2,3,3,4,2,3
6,4,"a little bit",2,1,1,2,1,1,2,1,2,2,1,4,2,1
6,4,"quite a lot",4,4,2,2,2,4,3,5,3,1,4,3,1,3
6,2,"a little bit",1,1,2,1,1,1,2,1,1,2,2,3,2,1
6,6,"a little bit",1,1,1,1,1,1,1,1,1,1,1,3,1,1
6,5,"somewhat",2,3,2,4,4,4,3,2,4,3,2,2,4,2
6,2,"quite a lot",2,5,2,2,2,1,3,2,4,1,3,5,2,3
6,10,"somewhat",2,4,4,3,3,3,3,3,3,3,2,3,2,3
6,10,"a little bit",4,3,3,2,3,3,3,3,3,3,4,5,2,3
6,2,"not at all",1,1,1,1,1,1,2,2,1,1,1,4,2,1
6,8,"a little bit",2,2,3,2,3,2,2,2,2,2,2,4,2,2
6,8,"not at all",4,3,2,5,2,2,2,2,3,4,1,1,1,2
6,8,"a little bit",2,4,1,4,2,3,4,1,1,5,3,5,3,1
6,8,"a little bit",3,4,4,4,4,4,4,4,4,4,3,3,4,3
6,3,"a little bit",3,2,3,2,2,3,3,3,3,2,3,4,3,2
6,3,"somewhat",3,3,3,3,3,2,3,3,3,2,2,3,3,3
6,6,"somewhat",3,2,2,2,2,3,2,4,3,2,2,3,2,1
6,7,"a little bit",1,1,3,2,3,2,1,1,2,2,1,3,3,2
6,2,"a little bit",2,2,1,2,2,2,2,2,2,1,3,5,3,2
6,4,"somewhat",3,4,2,4,3,3,3,5,4,3,3,4,2,4
6,7,"quite a lot",4,4,4,3,2,3,2,3,4,2,3,3,3,4
6,8,"a little bit",3,5,3,2,2,1,3,5,1,3,4,4,3,3
6,6,"a little bit",3,4,3,3,3,3,3,3,3,3,3,4,3,4
6,8,"a little bit",5,2,4,2,2,2,2,5,2,2,4,5,2,3
6,4,"a little bit",2,1,3,1,2,2,2,1,2,1,2,3,2,4
6,7,"quite a lot",3,4,3,2,2,2,2,3,3,2,4,2,3,3
6,4,"a little bit",3,3,4,2,2,1,2,2,4,2,3,4,2,2
6,4,"somewhat",2,4,2,2,2,2,3,1,2,2,2,3,2,1
6,10,"a little bit",5,5,1,2,2,2,3,1,2,1,5,4,1,4
6,8,"somewhat",3,2,3,2,1,2,4,3,3,3,3,4,2,4
6,3,"a little bit",5,4,4,4,4,3,3,5,3,3,5,5,3,5
6,9,"somewhat",5,3,3,3,1,2,1,4,2,1,4,4,3,5
6,5,"quite a lot",3,3,4,4,2,3,2,4,1,2,2,5,2,4
6,7,"a little bit",4,3,2,3,3,2,3,2,3,3,2,4,2,2
6,10,"not at all",1,4,1,2,2,2,4,4,2,4,3,4,3,3
6,5,"a little bit",1,1,1,2,2,2,2,1,2,2,1,3,2,1
6,10,"quite a lot",5,5,3,2,2,1,2,2,4,3,1,4,2,3
6,8,"somewhat",3,2,3,1,3,3,2,4,5,2,4,3,2,3
6,8,"quite a lot",5,5,5,2,4,2,3,3,4,3,4,3,3,4
6,7,"quite a lot",3,2,2,3,2,2,3,5,2,3,4,2,3,4
7,9,"somewhat",5,4,4,2,3,4,2,4,2,3,5,3,1,3
7,8,"not at all",5,5,5,4,5,5,5,4,5,4,5,4,4,5
7,8,"a little bit",1,2,3,1,1,2,2,1,2,2,2,4,2,2
7,4,"a little bit",2,3,2,2,3,3,3,3,2,3,2,5,3,2
7,2,"not at all",2,3,2,3,4,2,3,2,2,4,2,2,2,2
7,5,"quite a lot",4,3,3,2,2,2,2,4,3,3,3,3,2,3
7,9,"somewhat",5,2,2,4,2,1,1,3,1,3,3,4,1,3
7,8,"a little bit",3,3,3,3,3,3,3,2,3,3,4,3,3,3
7,7,"not at all",2,4,2,3,2,3,3,3,2,3,2,4,3,2
7,8,"somewhat",4,1,3,3,4,1,2,1,2,1,3,3,4,4
7,8,"a little bit",2,2,3,2,2,2,2,2,2,2,2,4,3,2
7,7,"quite a lot",3,3,3,2,3,3,3,3,2,2,4,5,4,4
7,7,"too much",4,3,3,2,1,2,1,4,2,3,4,3,1,5
7,7,"quite a lot",3,2,3,2,2,4,3,2,4,2,3,3,2,3
7,4,"a little bit",2,1,2,1,1,1,2,1,1,2,1,3,2,1
7,8,"too much",3,4,3,1,2,3,3,3,3,1,4,5,2,3
7,8,"quite a lot",4,5,3,1,1,2,3,4,1,2,3,5,2,4
7,7,"quite a lot",4,2,3,4,4,2,2,3,2,4,3,3,3,3
7,4,"quite a lot",3,4,5,2,2,3,2,3,1,1,4,4,2,5
7,6,"not at all",3,4,5,4,4,4,4,4,4,4,3,3,3,4
7,6,"somewhat",4,4,5,4,4,5,5,3,5,3,4,3,3,4
7,3,"a little bit",1,1,2,1,1,1,1,1,2,1,1,5,1,1
7,4,"not at all",2,3,3,3,2,2,3,3,3,4,2,4,3,3
7,7,"a little bit",2,4,4,2,4,3,3,4,4,3,4,4,3,2
7,7,"quite a lot",3,3,4,2,1,2,2,4,3,2,3,4,2,5
7,8,"quite a lot",3,3,4,3,2,3,1,5,2,2,4,4,3,3
7,3,"somewhat",1,2,2,2,2,2,2,1,2,1,1,3,2,1
7,7,"somewhat",3,3,2,4,3,2,4,3,3,2,4,4,4,4
7,9,"too much",4,5,4,2,1,1,1,5,2,1,5,4,1,5
7,8,"quite a lot",5,2,5,4,3,3,2,4,1,3,4,3,2,2
7,8,"somewhat",5,2,4,4,2,3,1,5,4,4,1,3,5,3
7,8,"quite a lot",5,4,5,1,3,1,2,3,1,3,4,3,2,4
7,4,"somewhat",3,3,5,3,2,2,3,4,4,1,3,4,2,4
7,8,"quite a lot",3,5,4,2,4,5,3,3,4,1,5,4,2,2
7,9,"quite a lot",4,5,3,2,3,4,3,5,4,2,3,3,2,5
7,1,"a little bit",5,4,4,3,4,4,4,3,4,3,3,3,3,3
7,7,"a little bit",1,5,2,1,1,1,2,1,1,2,1,3,1,1
7,5,"a little bit",2,2,3,2,2,3,3,2,2,3,2,3,3,2
7,4,"somewhat",4,3,3,4,3,3,3,2,2,3,2,3,4,3
7,8,"quite a lot",3,5,3,1,4,4,3,5,2,3,3,4,4,2
7,6,"a little bit",4,3,5,4,4,1,4,3,3,4,3,4,4,4
7,8,"too much",3,1,3,2,2,2,5,1,2,3,1,4,2,1
7,7,"quite a lot",5,2,3,2,3,2,3,3,4,2,4,4,3,4
7,8,"quite a lot",3,4,3,2,2,1,2,3,4,3,1,3,2,3
7,2,"a little bit",1,1,1,2,2,2,2,1,2,2,1,3,3,1
7,4,"a little bit",1,1,2,1,1,1,1,1,1,2,1,4,1,1
7,10,"quite a lot",4,2,4,4,1,3,2,3,2,3,2,5,3,3
7,8,"a little bit",3,4,3,1,2,3,3,5,3,2,3,3,2,3
7,6,"somewhat",1,2,3,2,2,2,3,2,5,1,1,2,1,1
7,3,"a little bit",2,2,3,3,3,3,3,2,3,3,2,3,2,2
7,5,"somewhat",3,4,4,2,3,1,2,3,3,4,3,4,2,2
7,7,"quite a lot",4,1,5,3,2,2,4,4,3,3,2,4,3,2
7,5,"not at all",2,2,3,3,3,2,3,2,4,3,3,1,2,2
7,1,"somewhat",2,3,1,1,2,3,2,3,2,1,1,1,2,4
7,1,"somewhat",3,4,3,2,2,3,3,3,3,3,2,3,3,2
7,1,"not at all",1,1,1,1,1,1,1,1,5,1,1,4,1,1
7,5,"a little bit",2,2,4,3,3,4,3,2,4,4,2,3,3,2
7,6,"somewhat",3,4,3,3,2,4,1,2,3,4,4,3,2,3
7,2,"somewhat",2,4,4,3,5,5,4,3,3,3,2,3,3,2
7,4,"a little bit",3,2,2,2,2,1,3,1,2,3,2,5,3,3
7,8,"not at all",4,4,4,3,3,3,4,3,3,3,4,3,2,3
7,5,"a little bit",3,2,2,2,2,2,3,1,2,2,3,3,1,1
7,3,"a little bit",2,1,1,1,2,1,1,1,2,1,2,3,2,1
7,3,"a little bit",1,1,1,2,2,2,2,1,2,2,1,3,1,1
7,7,"quite a lot",4,4,4,1,2,3,2,3,1,2,4,3,3,3
7,7,"a little bit",2,3,3,3,3,3,4,2,3,4,3,3,3,2
7,6,"somewhat",2,3,3,2,1,3,3,3,4,3,2,4,4,2
7,8,"somewhat",3,2,2,3,2,4,3,5,3,4,1,4,2,2
7,5,"a little bit",2,2,3,2,2,2,2,2,3,2,3,3,2,2
7,9,"somewhat",2,4,4,2,2,4,1,4,2,3,5,3,4,3
7,3,"a little bit",1,2,2,2,2,2,3,1,1,2,1,3,1,1
7,6,"quite a lot",4,3,4,1,3,1,2,4,3,2,3,4,2,2
7,6,"a little bit",3,3,3,3,2,2,2,3,3,3,2,4,1,2
7,5,"quite a lot",2,2,3,3,4,3,3,2,4,3,2,3,3,2
7,7,"a little bit",3,3,4,2,2,3,3,3,3,4,4,5,2,4
7,7,"not at all",2,2,2,4,4,4,3,2,4,4,3,2,4,2
7,6,"quite a lot",4,4,2,2,3,1,3,3,3,2,3,4,3,3
7,10,"quite a lot",3,2,1,2,2,1,4,2,3,3,2,3,2,4
7,9,"quite a lot",5,4,3,2,1,3,2,3,3,1,5,4,1,4
7,9,"too much",3,3,5,1,3,2,2,5,2,1,3,4,1,4
7,4,"not at all",3,4,3,3,2,3,3,3,3,2,3,3,3,3
7,4,"somewhat",2,1,2,2,2,2,1,1,2,1,1,4,1,1
7,10,"a little bit",3,2,3,2,2,2,2,2,2,2,1,3,2,2
7,6,"a little bit",1,4,1,1,1,5,1,1,2,1,1,4,1,1
7,8,"quite a lot",5,4,5,1,2,1,2,4,2,2,5,4,1,5
7,6,"not at all",2,4,1,1,1,1,2,1,2,1,1,4,2,2
8,5,"a little bit",3,2,2,2,1,1,2,3,2,2,1,4,2,2
8,8,"somewhat",3,4,2,2,3,2,3,3,3,3,3,4,3,4
8,8,"quite a lot",2,4,3,3,1,3,2,2,4,3,4,4,3,3
8,8,"too much",4,5,3,3,2,3,3,5,2,2,5,4,3,3
8,7,"quite a lot",3,3,3,3,4,1,2,4,2,1,5,3,2,4
8,9,"somewhat",4,3,3,3,3,3,2,3,2,2,3,3,3,3
8,7,"somewhat",5,4,4,1,1,1,2,4,2,1,4,5,2,3
8,9,"somewhat",4,5,5,3,4,4,3,4,3,4,4,5,4,4
8,6,"somewhat",4,3,4,3,3,2,3,2,2,3,3,2,2,2
8,3,"a little bit",2,1,2,2,2,2,3,1,2,3,1,4,2,1
8,7,"somewhat",3,1,3,2,4,4,2,2,3,3,3,3,3,2
8,3,"quite a lot",2,4,2,2,2,1,3,4,2,4,4,5,3,3
8,7,"not at all",1,1,3,2,2,2,2,1,2,2,1,3,2,1
8,2,"quite a lot",1,1,1,4,2,1,2,4,5,2,4,3,2,4
8,9,"too much",2,4,3,4,4,3,1,4,2,2,3,3,3,5
8,6,"a little bit",3,4,2,2,3,3,3,3,5,4,2,3,4,4
8,1,"quite a lot",1,1,1,1,1,1,1,1,1,1,1,5,1,1
8,9,"somewhat",3,3,5,3,4,2,2,4,1,2,4,3,2,3
8,9,"quite a lot",3,3,3,3,2,3,4,2,2,4,3,4,3,4
8,6,"quite a lot",3,2,4,1,2,3,1,3,3,4,5,5,4,4
8,9,"somewhat",3,4,2,3,3,4,3,3,3,2,3,2,4,4
8,7,"somewhat",3,3,3,3,3,3,3,3,3,3,4,4,3,3
8,7,"not at all",2,2,2,2,3,2,3,2,2,3,2,4,1,1
8,2,"a little bit",4,1,2,1,1,1,2,1,2,2,2,3,2,1
8,6,"somewhat",3,3,3,2,3,2,3,3,3,3,3,3,3,4
8,3,"a little bit",2,1,1,1,2,1,2,1,1,2,1,3,1,1
8,8,"quite a lot",4,4,3,2,1,1,2,3,2,1,2,3,2,3
8,9,"somewhat",4,3,4,3,3,2,4,2,2,3,3,4,2,3
8,8,"quite a lot",4,5,5,4,5,4,4,4,1,4,5,4,3,4
8,7,"quite a lot",4,4,3,3,3,2,2,3,2,3,3,3,2,4
8,9,"not at all",3,4,4,2,4,4,4,4,4,4,2,5,3,5
8,7,"not at all",2,2,3,2,3,2,3,2,3,3,1,5,4,3
8,8,"quite a lot",4,4,2,2,3,3,4,3,4,3,4,3,3,4
8,6,"not at all",1,5,2,1,4,4,2,2,4,1,5,5,5,5
8,10,"a little bit",4,3,3,2,3,4,4,4,1,1,2,2,3,1
8,9,"somewhat",4,4,4,1,3,2,2,5,2,1,4,5,1,4
8,8,"a little bit",4,3,4,3,2,1,4,3,3,4,2,3,3,4
8,9,"somewhat",2,3,2,3,2,3,3,4,1,3,2,2,2,3
8,9,"quite a lot",4,3,5,4,1,3,4,4,5,4,1,4,3,2
8,10,"quite a lot",5,5,5,2,2,1,1,4,2,1,4,4,2,5
8,8,"a little bit",2,2,2,2,2,2,3,2,2,3,3,3,2,2
8,6,"a little bit",2,1,1,1,1,1,2,1,1,1,2,3,2,1
8,6,"not at all",3,2,2,2,2,2,2,2,4,2,2,4,2,2
8,7,"a little bit",3,3,4,3,3,3,3,3,3,3,3,3,3,3
8,9,"quite a lot",2,2,2,1,2,1,1,2,2,1,1,4,1,2
8,8,"quite a lot",3,3,4,1,3,4,1,5,3,3,4,4,2,5
8,9,"quite a lot",4,4,4,2,3,2,2,5,3,3,3,4,3,4
8,10,"too much",5,5,5,1,1,1,1,5,1,1,5,5,1,5
8,10,"a little bit",1,3,4,4,1,2,3,3,2,3,4,2,4,2
8,2,"a little bit",2,1,2,2,1,2,1,1,2,1,2,4,1,1
8,9,"too much",5,4,5,2,2,2,1,5,2,1,5,4,1,4
8,8,"not at all",1,2,3,2,2,3,2,2,3,3,2,4,2,3
8,8,"quite a lot",3,5,4,2,1,3,2,4,3,2,4,4,3,5
8,1,"not at all",1,1,2,2,1,3,1,1,1,3,2,3,1,1
8,2,"not at all",2,2,3,3,4,4,3,2,3,3,2,3,2,3
8,2,"not at all",1,1,1,1,1,2,2,1,2,2,1,5,2,1
8,10,"a little bit",3,2,4,1,1,4,4,4,3,1,1,3,2,3
8,6,"a little bit",5,2,4,2,4,4,2,4,5,4,4,5,3,4
8,5,"a little bit",2,2,2,2,2,2,2,1,2,2,2,3,2,1
8,7,"too much",5,4,3,1,1,2,2,3,2,3,3,4,2,4
8,10,"quite a lot",3,4,5,2,1,3,1,4,3,1,4,4,2,4
8,3,"not at all",1,1,1,1,1,1,1,1,1,1,1,3,1,1
8,5,"too much",5,5,5,1,1,1,1,5,1,1,5,5,1,5
8,9,"quite a lot",4,5,3,2,3,1,2,5,3,4,3,2,2,5
8,6,"too much",4,5,4,2,1,1,3,4,3,2,3,5,2,4
8,9,"quite a lot",4,5,3,1,2,2,3,4,2,2,5,3,2,5
8,9,"somewhat",5,5,5,2,2,3,2,3,1,3,3,3,2,4
8,9,"too much",5,5,1,5,1,2,2,3,2,3,1,2,4,1
8,10,"not at all",3,3,3,2,1,2,2,3,3,1,3,4,2,4
8,9,"too much",4,4,5,1,1,2,1,4,2,1,5,5,2,4
8,9,"quite a lot",5,5,4,1,1,2,1,4,2,1,4,5,2,4
8,10,"quite a lot",5,3,4,3,3,1,1,3,2,2,4,4,3,3
8,7,"too much",4,3,5,3,2,2,1,4,1,1,4,4,2,4
8,8,"quite a lot",4,3,4,3,3,2,3,4,2,2,4,3,3,4
8,5,"quite a lot",1,3,5,1,4,3,4,4,5,3,4,2,2,3
8,7,"a little bit",3,4,4,2,2,2,2,3,2,3,3,4,2,3
8,6,"quite a lot",4,3,2,3,3,2,2,2,2,3,3,4,2,3
8,6,"a little bit",3,3,2,2,3,3,2,3,4,2,4,4,4,4
8,4,"somewhat",4,4,4,2,3,4,4,3,2,3,3,2,3,2
8,7,"somewhat",2,1,3,2,2,2,3,4,1,2,3,4,3,4
8,8,"somewhat",3,4,4,3,3,2,3,3,2,4,2,3,2,2
8,7,"a little bit",5,3,3,2,3,1,3,2,3,3,4,4,2,3
8,7,"somewhat",3,3,3,2,4,3,3,3,3,2,4,4,3,4
8,8,"quite a lot",3,2,3,3,3,2,2,1,2,3,3,4,2,2
8,8,"somewhat",3,2,3,1,2,2,5,2,3,2,2,3,3,2
8,8,"quite a lot",4,3,2,4,2,2,3,3,2,2,3,3,4,3
8,9,"somewhat",4,3,3,3,2,3,2,5,3,2,4,3,3,5
9,4,"somewhat",3,1,3,5,1,1,1,1,1,1,3,5,1,1
9,2,"a little bit",1,2,1,4,3,3,3,1,1,4,1,3,2,1
9,2,"not at all",4,4,4,1,2,1,2,4,2,2,4,4,3,4
9,5,"a little bit",2,1,2,3,1,2,2,2,2,3,3,4,1,1
9,5,"quite a lot",4,4,5,3,2,3,2,5,2,3,5,5,2,3
9,6,"a little bit",2,2,2,1,1,1,3,1,2,2,2,3,1,2
9,4,"a little bit",2,2,4,5,4,2,3,3,3,2,5,2,2,2
9,5,"quite a lot",3,4,4,3,2,2,2,3,4,3,3,3,4,2
9,8,"quite a lot",2,1,5,2,2,2,1,1,3,1,2,4,4,1
9,3,"a little bit",2,1,2,1,1,1,2,1,1,1,2,2,1,1
9,8,"quite a lot",5,4,4,3,3,4,5,5,4,4,5,4,2,5
9,1,"too much",5,5,4,1,2,1,1,5,1,2,5,5,1,5
9,5,"somewhat",4,4,3,2,2,1,2,3,2,2,4,4,2,4
9,7,"somewhat",4,4,5,1,2,1,1,5,1,2,4,4,2,4
9,9,"somewhat",1,1,1,2,2,5,5,1,2,5,1,1,2,1
9,1,"not at all",3,2,3,1,1,1,1,1,1,1,3,4,2,1
9,8,"somewhat",1,3,4,3,5,3,1,4,4,2,3,1,5,4
9,2,"not at all",1,1,1,2,1,1,2,1,1,1,1,1,1,1
9,4,"a little bit",1,1,2,1,1,2,3,1,1,2,1,5,2,1
9,5,"somewhat",3,4,3,5,5,1,5,3,5,5,3,5,2,3
9,7,"not at all",4,4,4,4,4,5,5,3,4,5,4,3,3,4
9,6,"somewhat",3,3,3,3,3,3,3,3,3,3,3,3,3,3
9,4,"somewhat",4,4,4,1,2,3,3,5,1,3,4,3,3,5
9,8,"somewhat",4,4,5,3,3,1,2,4,1,1,3,4,1,4
9,10,"quite a lot",4,3,5,4,2,2,1,3,2,1,2,4,1,4
9,7,"not at all",2,3,2,4,3,3,4,3,3,3,3,2,4,4
9,3,"quite a lot",5,5,3,2,2,1,3,5,2,2,4,4,2,4
9,6,"quite a lot",1,3,3,1,4,2,2,5,3,2,5,3,3,2
9,3,"somewhat",3,5,3,3,3,2,2,3,3,2,4,4,4,3
9,9,"a little bit",3,3,5,2,4,5,2,2,3,2,4,3,3,3
9,3,"a little bit",1,1,1,1,1,1,1,1,1,1,1,2,1,1
9,2,"somewhat",1,1,1,1,1,1,1,1,1,1,1,4,1,1
9,6,"a little bit",2,2,2,2,2,2,2,2,2,2,2,4,3,1
9,10,"quite a lot",4,5,4,2,1,1,1,5,2,1,4,5,3,5
9,5,"a little bit",2,4,3,2,3,2,3,1,3,2,3,4,4,1
9,3,"a little bit",3,2,3,3,3,3,3,2,3,3,3,3,2,2
9,10,"quite a lot",4,5,4,3,2,2,1,4,2,1,4,4,2,4
9,9,"somewhat",4,3,3,3,3,3,2,2,3,3,4,3,3,3
9,8,"somewhat",5,5,4,3,2,2,3,4,3,3,4,2,1,3
9,8,"somewhat",3,4,4,4,3,3,3,4,4,4,3,2,3,3
9,8,"a little bit",3,3,2,3,3,3,4,4,4,4,3,3,3,3
9,8,"quite a lot",1,1,3,2,1,1,2,1,2,2,2,5,2,1
9,8,"somewhat",2,3,3,2,4,3,4,3,2,2,5,5,2,3
9,10,"quite a lot",4,4,5,1,2,3,1,3,1,2,3,3,2,4
9,8,"quite a lot",3,4,4,3,4,3,4,4,4,3,3,4,4,3
9,10,"quite a lot",2,4,3,2,2,3,3,5,2,4,5,5,3,4
9,6,"quite a lot",3,3,3,3,3,3,3,3,3,3,3,3,3,3
9,9,"somewhat",4,5,3,1,1,2,1,3,2,1,4,4,1,4
9,9,"quite a lot",3,5,4,3,4,2,3,5,1,2,2,3,2,4
9,4,"a little bit",1,1,3,1,1,1,2,1,1,2,1,5,1,1
9,10,"a little bit",4,4,5,3,4,4,4,4,5,4,4,4,3,4
9,2,"somewhat",3,2,2,2,5,3,2,1,3,3,4,3,5,1
9,3,"somewhat",2,2,2,1,3,2,1,3,3,2,2,5,2,2
9,10,"quite a lot",4,5,4,1,3,3,2,5,1,2,5,5,2,4
9,10,"too much",4,3,5,1,3,2,1,4,1,2,3,3,1,5
9,7,"somewhat",4,5,5,3,3,2,2,4,1,2,3,4,1,4
9,9,"a little bit",3,3,3,1,2,3,2,4,2,2,5,4,2,3
9,9,"a little bit",2,3,4,2,4,5,4,3,3,4,2,4,3,2
9,7,"a little bit",3,3,3,2,2,2,3,3,2,2,3,4,2,3
9,5,"a little bit",2,2,3,3,3,3,3,3,3,4,3,2,4,3
9,8,"quite a lot",3,5,3,2,1,2,3,4,1,2,3,4,2,3
9,3,"quite a lot",1,3,4,2,4,1,3,3,3,2,3,4,1,4
9,9,"quite a lot",5,4,4,3,2,2,3,2,4,2,3,3,3,4
9,10,"too much",5,5,5,2,2,2,2,4,1,2,5,5,2,5
9,10,"quite a lot",2,5,4,1,2,2,3,4,5,4,3,1,4,5
9,8,"somewhat",3,3,3,2,3,2,3,4,3,2,4,4,3,4
9,7,"somewhat",4,4,3,3,3,4,3,2,2,2,2,2,2,3
9,7,"somewhat",2,2,3,1,2,1,1,2,2,1,2,5,2,2
9,9,"quite a lot",4,3,3,4,2,4,4,1,2,3,2,4,3,3
9,9,"somewhat",5,4,4,2,2,2,3,4,3,1,5,4,2,5
9,10,"a little bit",4,4,5,3,4,4,4,5,3,4,3,5,3,4
9,5,"somewhat",3,3,3,3,3,3,3,3,3,3,3,3,3,3
9,1,"somewhat",1,1,1,2,1,1,2,1,2,3,2,4,1,1
9,10,"not at all",2,3,4,3,2,2,1,4,2,1,4,3,3,4
9,7,"somewhat",2,4,3,1,2,3,3,2,2,2,3,4,3,4
9,8,"somewhat",5,4,3,2,1,3,2,3,3,2,4,4,2,4
9,8,"not at all",2,4,2,2,1,2,3,2,2,3,2,3,1,1
9,6,"too much",3,2,3,1,3,3,3,4,2,3,4,3,3,4
9,4,"somewhat",2,2,3,4,2,2,2,2,2,2,2,4,2,2
9,4,"somewhat",3,3,3,2,3,2,2,4,2,3,4,3,2,3
9,7,"somewhat",3,3,4,2,3,3,2,4,1,2,4,3,2,4
9,5,"quite a lot",4,4,4,3,1,2,3,4,3,1,3,5,1,5
9,9,"somewhat",3,3,4,2,4,2,2,4,3,4,3,2,2,3
9,7,"a little bit",4,4,4,3,3,4,4,4,3,4,4,4,3,4
10,9,"somewhat",2,3,2,3,4,3,3,2,5,3,2,3,2,3
10,6,"a little bit",3,1,3,2,2,2,2,1,2,2,2,4,2,1
10,7,"somewhat",2,4,3,4,2,2,2,2,4,4,2,4,4,4
10,8,"not at all",2,5,2,2,2,1,2,4,2,2,1,5,2,2
10,8,"somewhat",3,3,2,3,3,3,2,3,3,2,4,4,4,2
10,3,"quite a lot",5,2,4,1,2,2,4,5,1,5,3,4,1,4
10,6,"somewhat",2,3,4,2,2,2,2,3,3,3,5,2,3,4
10,10,"not at all",4,4,4,2,2,3,3,3,2,3,3,4,2,5
10,8,"quite a lot",3,3,3,3,2,3,4,1,2,4,5,3,2,2
10,6,"quite a lot",3,3,4,2,3,2,3,3,3,2,3,4,3,3
10,8,"somewhat",3,3,5,2,2,3,3,3,3,2,4,4,2,3
10,3,"somewhat",4,3,3,4,2,3,4,2,3,3,2,4,4,1
10,8,"a little bit",4,4,3,2,3,3,2,4,2,2,4,4,2,4
10,7,"quite a lot",3,4,5,1,3,3,1,3,2,2,3,5,3,4
10,9,"too much",5,4,5,2,1,1,3,3,4,4,2,3,2,4
10,7,"somewhat",2,2,2,2,3,3,2,4,3,3,2,3,3,3
10,7,"somewhat",4,2,2,3,3,3,3,4,2,4,3,4,3,4
10,9,"too much",4,3,5,2,1,1,2,3,2,1,4,3,2,5
10,4,"somewhat",2,4,2,5,2,2,1,1,2,2,2,5,1,1
10,5,"quite a lot",5,4,2,4,3,1,2,4,2,1,4,3,1,4
10,6,"somewhat",3,3,3,3,4,3,4,3,2,4,3,3,1,3
10,7,"somewhat",3,1,1,1,1,1,1,2,1,2,2,1,2,2
10,8,"quite a lot",3,2,2,4,2,2,2,4,3,2,4,4,2,4
10,7,"not at all",3,3,3,3,4,4,2,3,2,2,3,4,2,3
10,9,"somewhat",3,4,1,2,1,2,1,4,2,2,3,4,3,3
10,4,"not at all",2,2,3,3,3,3,3,2,3,2,2,3,3,2
10,8,"too much",5,3,5,1,3,3,3,4,1,1,4,4,2,3
10,8,"too much",5,4,5,3,2,1,2,4,1,2,4,5,2,4
10,7,"somewhat",3,4,4,3,2,2,2,3,3,3,3,4,2,3
10,5,"a little bit",2,1,3,2,2,2,2,1,3,2,3,4,2,1
10,6,"somewhat",4,5,2,2,2,2,1,4,3,1,4,5,3,3
10,10,"too much",2,4,4,1,1,1,1,4,3,1,5,3,3,4
10,7,"quite a lot",4,4,4,4,2,3,3,3,4,3,3,3,2,4
10,9,"somewhat",4,4,5,3,2,1,2,4,2,2,4,5,2,3
10,4,"a little bit",4,2,4,4,3,4,3,3,2,3,2,3,2,4
10,10,"a little bit",4,4,4,3,3,3,4,5,1,2,4,4,1,5
10,8,"somewhat",2,4,4,3,3,3,3,3,3,3,3,4,3,3
10,7,"quite a lot",5,3,3,2,2,2,2,4,3,2,4,4,3,4
10,6,"somewhat",4,3,2,5,3,4,2,2,3,1,5,5,3,4
10,8,"somewhat",3,2,3,4,2,3,2,3,3,2,3,4,3,4
10,4,"not at all",2,2,2,2,2,4,2,2,4,3,2,3,2,4
10,7,"not at all",4,3,4,4,4,3,4,3,4,4,3,3,2,4
10,4,"a little bit",2,1,1,1,1,1,2,1,2,1,2,4,1,1
10,4,"not at all",2,2,2,2,2,2,3,2,2,2,2,2,1,2
10,1,"too much",4,4,4,2,2,1,2,4,1,2,5,5,1,5
10,6,"quite a lot",3,2,3,1,3,3,2,5,3,2,3,4,2,4
10,7,"somewhat",5,5,5,3,3,1,3,4,2,2,3,4,3,5
10,8,"a little bit",4,3,4,2,3,3,3,3,2,3,4,3,3,3
10,7,"quite a lot",3,4,2,2,4,4,2,4,3,3,3,3,2,2
10,6,"a little bit",1,1,2,1,2,1,2,1,2,2,1,3,3,1
10,8,"somewhat",3,3,3,3,2,3,4,4,2,3,3,4,2,4
10,8,"not at all",2,5,2,2,3,2,2,3,1,3,2,5,1,2
10,8,"too much",2,3,1,4,2,4,5,2,4,3,3,3,4,3
10,9,"quite a lot",4,4,3,2,3,3,2,4,2,2,4,5,3,3
10,8,"somewhat",3,3,4,3,3,3,3,3,3,3,2,5,2,3
10,3,"somewhat",3,3,4,2,2,2,3,3,4,4,3,4,2,4
10,7,"somewhat",3,3,2,2,2,1,3,2,2,2,2,5,3,1
10,7,"quite a lot",5,4,4,1,3,1,3,4,2,1,4,5,3,4
10,2,"not at all",3,2,2,1,2,2,3,2,1,2,2,3,2,1
10,6,"somewhat",3,4,4,2,3,3,2,4,3,3,3,4,3,4
10,5,"quite a lot",3,3,4,3,3,3,3,3,3,3,3,4,3,4
10,7,"somewhat",3,4,4,3,1,1,3,2,3,2,3,4,2,4
10,5,"quite a lot",5,4,3,2,3,2,3,4,3,3,4,3,2,3
10,9,"somewhat",4,4,4,2,2,3,2,3,3,3,4,3,3,3
10,3,"not at all",1,1,2,1,1,1,1,1,1,1,1,3,1,1
10,10,"quite a lot",4,3,4,2,3,3,3,2,3,2,3,3,2,2
10,8,"somewhat",3,4,3,3,2,3,3,4,2,2,2,5,2,4
10,5,"too much",4,5,3,2,1,2,1,4,2,3,3,4,2,5
10,7,"somewhat",4,3,2,2,4,3,2,3,2,2,2,4,3,3
10,9,"quite a lot",4,5,2,2,3,2,2,3,2,2,4,5,2,2
10,8,"somewhat",4,4,5,2,2,1,2,4,1,1,5,5,2,5
10,8,"somewhat",4,5,4,1,3,1,3,4,3,1,3,3,1,4
10,10,"quite a lot",5,5,5,1,1,1,2,5,2,2,4,5,2,5
10,7,"not at all",1,1,1,2,2,2,2,1,2,2,1,1,2,1
10,3,"somewhat",3,2,2,2,2,1,2,2,2,2,2,3,2,3
10,8,"a little bit",3,4,3,3,3,3,3,4,4,4,1,4,4,4
10,7,"quite a lot",3,3,3,3,3,2,3,4,3,3,4,3,3,3
10,8,"quite a lot",4,2,3,3,2,3,2,2,4,3,2,2,3,3
10,9,"quite a lot",3,4,3,1,2,3,2,4,1,2,4,3,1,5
10,7,"a little bit",3,2,4,4,4,3,3,2,3,4,2,2,3,2
10,7,"quite a lot",4,4,4,3,3,3,3,4,3,3,4,3,2,3
10,10,"quite a lot",2,3,3,2,2,3,3,2,2,2,3,3,3,3
10,5,"somewhat",4,3,4,3,2,3,2,3,2,3,3,3,1,4
10,9,"quite a lot",5,5,4,2,2,2,2,3,1,1,5,3,2,5
10,4,"quite a lot",5,3,5,3,1,2,2,4,1,2,4,5,2,4
10,9,"quite a lot",3,3,3,2,2,2,3,4,1,2,3,4,3,4
10,9,"quite a lot",5,3,3,2,3,2,3,4,3,2,2,4,2,2
11,7,"a little bit",1,2,2,2,2,2,2,1,2,2,1,3,2,1
11,8,"somewhat",2,3,3,3,2,2,2,4,3,3,3,4,4,4
11,8,"quite a lot",3,4,3,2,1,2,2,3,2,2,4,5,3,5
11,10,"a little bit",4,4,5,1,2,2,3,4,2,3,3,4,3,3
11,9,"quite a lot",3,3,3,2,4,1,2,4,2,5,5,5,4,3
11,5,"a little bit",2,1,3,2,1,2,2,1,2,2,2,4,1,2
11,9,"quite a lot",4,3,5,1,1,1,2,3,1,2,4,4,2,3
11,9,"somewhat",2,2,3,3,3,4,3,4,3,3,3,2,4,2
11,9,"quite a lot",4,4,5,2,3,2,2,4,1,2,3,4,1,4
11,9,"quite a lot",4,2,3,1,1,2,5,4,1,2,4,3,2,5
11,8,"somewhat",4,5,3,3,1,1,2,4,3,1,4,4,2,4
11,10,"too much",5,4,4,1,1,1,2,4,2,1,4,4,1,5
11,7,"a little bit",4,5,3,2,3,3,2,3,2,1,4,4,2,3
11,10,"not at all",1,3,2,4,4,2,3,2,2,2,4,4,3,3
11,8,"too much",3,5,4,3,2,2,3,3,2,5,2,5,4,2
11,5,"quite a lot",3,4,3,3,2,2,2,4,1,2,3,4,2,4
11,9,"quite a lot",3,3,4,3,2,2,3,4,3,2,4,3,3,4
11,6,"somewhat",2,2,3,3,4,3,3,2,3,4,2,3,2,3
11,9,"quite a lot",5,5,2,2,2,1,1,3,2,3,4,3,3,5
11,9,"quite a lot",3,3,4,3,2,3,3,3,3,3,4,3,2,3
11,3,"not at all",2,2,2,2,2,2,2,1,1,2,3,4,1,1
11,2,"not at all",2,5,4,2,3,4,4,4,2,4,3,4,3,4
11,9,"quite a lot",3,4,3,2,3,3,4,3,2,2,3,3,2,3
11,10,"quite a lot",3,4,4,3,2,1,4,3,5,1,2,3,2,5
11,6,"a little bit",3,3,2,2,2,3,3,3,3,3,4,3,2,3
11,8,"a little bit",2,2,3,2,2,3,2,2,2,3,2,5,2,2
11,9,"quite a lot",4,4,5,2,1,2,2,4,1,1,4,5,2,4
11,7,"somewhat",3,3,3,3,3,3,3,3,3,3,3,3,3,3
11,7,"quite a lot",2,3,2,2,2,2,4,3,4,4,3,4,3,4
11,6,"too much",4,4,3,2,3,2,1,5,1,3,4,3,3,4
11,9,"somewhat",3,3,4,3,3,4,3,3,3,4,3,3,3,3
11,5,"somewhat",3,1,2,2,1,2,2,2,2,2,2,3,2,3
11,8,"quite a lot",3,3,3,2,3,1,2,4,2,3,3,4,1,4
11,8,"somewhat",3,3,3,1,2,1,2,3,1,2,2,4,2,4
11,7,"somewhat",4,5,4,3,2,1,2,3,1,2,5,4,3,4
11,5,"quite a lot",5,4,3,3,2,1,3,4,1,3,3,2,2,2
11,10,"quite a lot",4,3,3,3,2,2,2,4,3,3,3,4,2,3
11,9,"quite a lot",5,5,4,3,3,2,2,5,2,2,3,4,2,3
11,8,"a little bit",4,1,3,4,2,4,4,4,2,3,3,3,3,2
11,3,"a little bit",1,2,2,2,2,2,2,1,2,2,2,3,1,1
11,2,"a little bit",3,1,2,1,2,1,1,1,1,1,3,4,1,1
11,2,"a little bit",1,1,1,1,1,1,1,1,1,1,1,5,1,1
11,10,"quite a lot",5,4,4,1,2,1,1,4,2,2,5,5,2,4
11,9,"too much",3,3,5,3,1,2,2,4,2,2,3,5,3,4
11,9,"somewhat",5,3,4,2,3,1,1,3,2,4,4,4,2,3
11,8,"somewhat",3,4,3,2,3,2,2,4,3,2,3,4,1,4
11,3,"a little bit",1,2,3,2,1,1,2,2,2,2,3,3,1,2
11,8,"quite a lot",4,4,4,3,1,4,3,2,2,4,3,3,4,4
11,7,"a little bit",4,3,3,1,2,2,3,5,4,3,4,4,2,3
11,10,"not at all",3,3,3,3,3,2,3,3,2,3,3,3,3,3
11,9,"a little bit",5,5,5,5,5,5,5,5,5,5,5,3,2,5
11,10,"a little bit",2,3,4,2,4,3,3,4,2,3,4,4,2,4
11,9,"somewhat",4,3,4,2,3,2,1,4,1,2,3,3,3,4
11,7,"too much",3,4,4,2,1,3,1,3,3,4,2,3,1,4
11,6,"a little bit",3,3,4,2,2,3,2,2,2,3,3,3,3,4
11,10,"quite a lot",1,4,4,2,3,1,3,2,3,3,2,4,3,2
11,6,"a little bit",2,2,2,1,1,2,2,2,1,2,2,4,2,2
11,9,"quite a lot",4,5,2,3,3,3,2,4,4,3,2,4,2,2
11,7,"a little bit",4,4,3,3,2,3,2,2,3,2,3,3,2,3
11,2,"a little bit",4,5,4,3,1,3,2,3,2,2,5,4,2,4
11,7,"a little bit",3,2,3,2,2,2,3,2,2,2,3,4,3,2
11,4,"a little bit",1,1,2,1,2,2,3,1,2,2,1,3,1,1
11,7,"somewhat",3,1,3,5,4,4,4,1,5,4,3,4,3,2
11,9,"quite a lot",3,2,2,3,2,1,3,4,2,3,4,4,1,2
11,8,"quite a lot",3,4,4,3,2,3,4,4,2,2,3,2,2,3
11,6,"somewhat",2,1,2,2,1,2,2,1,2,2,2,3,2,1
11,7,"quite a lot",1,3,2,3,2,2,2,5,2,1,2,4,1,1
11,7,"somewhat",1,2,2,1,1,2,2,1,2,2,2,4,2,1
11,7,"quite a lot",4,4,3,3,2,3,3,3,3,3,3,3,3,4
11,9,"somewhat",3,3,3,2,2,2,2,3,2,3,3,4,2,3
11,8,"not at all",5,4,5,3,4,4,4,5,3,4,4,5,3,5
11,8,"a little bit",3,2,3,2,2,2,2,2,3,2,3,4,2,1
11,3,"a little bit",1,2,2,2,2,2,3,1,2,2,1,4,3,1
11,7,"somewhat",2,2,2,1,2,1,1,2,3,1,2,5,3,1
11,6,"not at all",3,3,4,3,4,3,3,3,3,4,3,4,3,4
11,10,"too much",2,5,4,2,4,4,4,4,5,1,3,3,2,2
11,8,"too much",5,4,2,2,2,3,2,5,1,2,3,5,2,4
11,4,"a little bit",2,2,3,2,2,2,3,1,2,2,2,3,3,1
11,5,"not at all",1,1,2,2,2,2,2,1,2,2,1,4,1,1
11,9,"quite a lot",3,4,4,1,3,3,1,3,2,4,3,4,2,5
11,2,"not at all",2,2,2,2,2,2,2,2,4,2,2,5,1,1
11,4,"quite a lot",4,4,2,3,3,3,2,3,2,2,3,3,2,3
11,9,"quite a lot",4,4,3,4,2,2,2,3,1,1,3,4,2,4
11,8,"too much",3,2,4,2,1,2,3,4,2,2,3,2,3,3
11,8,"quite a lot",4,3,3,4,4,4,3,2,3,3,4,3,2,2
11,8,"somewhat",3,3,2,2,2,1,2,1,2,1,3,4,2,1
11,8,"quite a lot",2,3,4,4,4,4,4,2,2,2,3,2,4,4
11,5,"quite a lot",3,4,2,2,2,3,2,4,2,3,4,4,2,3
12,8,"a little bit",4,3,4,2,4,2,4,4,1,3,3,4,3,3
12,8,"quite a lot",4,3,4,3,2,3,3,3,3,2,4,3,3,4
12,6,"somewhat",2,3,3,3,3,3,3,3,2,3,2,4,3,2
12,9,"a little bit",3,3,4,2,3,1,2,4,2,3,4,3,3,4
12,9,"quite a lot",4,4,4,2,1,2,3,3,3,2,4,4,2,4
12,8,"somewhat",4,3,4,3,2,2,2,4,3,2,4,4,2,4
12,9,"too much",3,2,4,4,3,3,3,3,3,3,2,3,3,4
12,7,"a little bit",4,5,3,2,3,3,2,3,3,1,3,3,3,5
12,3,"not at all",3,3,4,3,3,1,3,3,3,4,2,4,2,2
12,8,"too much",3,4,2,4,3,1,2,3,3,1,3,5,1,4
12,8,"somewhat",3,3,4,4,3,2,3,4,3,3,4,3,2,3
12,4,"quite a lot",4,3,3,2,3,2,3,4,2,4,3,1,3,4
12,8,"quite a lot",4,4,4,1,2,2,3,5,3,4,3,2,3,4
12,8,"quite a lot",2,5,2,3,2,2,3,4,3,4,4,3,1,4
12,7,"somewhat",1,4,1,1,2,2,2,5,5,4,5,2,3,4
12,9,"quite a lot",2,4,4,2,2,3,3,2,3,2,3,3,4,3
12,7,"quite a lot",2,4,3,4,4,3,3,4,4,2,3,2,4,4
12,7,"not at all",3,3,3,3,4,3,2,2,3,2,3,4,3,2
12,8,"somewhat",3,3,3,3,3,3,3,3,3,3,3,3,3,3
12,7,"a little bit",3,1,3,1,2,2,2,1,2,2,3,4,2,1
12,8,"too much",4,4,5,2,2,1,2,5,1,2,5,5,1,4
12,3,"somewhat",2,4,2,2,2,2,2,5,2,3,3,3,3,2
12,3,"quite a lot",3,3,2,4,2,2,1,2,2,2,2,4,2,1
12,8,"quite a lot",2,1,2,2,1,1,1,1,2,2,1,4,1,2
12,6,"not at all",2,3,3,3,3,3,2,3,2,3,1,4,3,2
12,7,"a little bit",2,2,2,2,2,3,3,1,3,3,2,3,2,2
12,8,"too much",4,3,3,2,1,3,3,3,1,2,4,4,1,5
12,2,"a little bit",1,1,1,5,5,2,2,1,2,1,1,1,2,1
12,9,"too much",2,1,2,3,3,3,5,2,4,5,2,2,4,1
12,5,"a little bit",2,4,3,1,2,3,3,1,2,2,1,3,2,2
12,9,"too much",4,3,5,3,2,3,3,3,4,3,4,4,2,4
12,6,"somewhat",2,2,2,3,4,3,4,3,3,3,2,2,2,2
12,9,"quite a lot",3,5,3,2,2,1,2,4,2,1,5,5,2,3
12,7,"somewhat",1,5,2,1,1,1,1,1,1,1,1,2,1,1
12,1,"quite a lot",1,1,1,2,2,2,1,3,1,1,1,4,1,3
12,9,"quite a lot",3,3,4,1,3,2,1,5,2,1,5,4,2,4
12,7,"somewhat",2,4,2,3,3,4,2,4,2,3,3,2,2,3
12,4,"quite a lot",4,4,4,2,3,2,3,3,3,2,4,4,2,4
12,9,"somewhat",3,3,2,3,4,4,4,3,3,4,3,1,4,3
12,6,"somewhat",5,3,4,3,3,1,3,4,2,2,4,3,2,4
12,9,"quite a lot",4,4,3,3,2,2,1,3,2,3,4,4,3,4
12,7,"too much",5,5,4,3,3,2,3,4,1,2,4,4,3,5
12,7,"not at all",4,4,3,3,3,2,2,3,2,3,3,5,2,4
12,4,"not at all",3,2,3,3,2,2,2,1,3,2,3,4,3,1
12,7,"somewhat",4,4,2,2,3,3,3,3,2,2,3,3,4,3
12,3,"a little bit",2,3,4,3,4,4,4,2,3,3,2,2,3,3
12,10,"quite a lot",5,3,3,4,3,2,2,4,3,2,5,2,3,4
12,7,"quite a lot",3,3,4,4,4,2,3,2,4,3,2,4,3,1
12,9,"too much",4,3,5,1,3,3,2,2,2,1,4,4,3,3
12,7,"a little bit",4,2,2,1,2,2,3,3,3,2,3,2,2,3
12,8,"somewhat",2,3,3,3,2,3,4,3,2,2,2,4,2,3
12,5,"quite a lot",2,2,3,3,2,2,2,3,2,3,3,2,2,3
12,6,"somewhat",1,1,1,2,1,2,2,1,5,3,1,2,1,1
12,9,"a little bit",3,5,5,5,5,4,4,5,5,5,3,5,4,5
12,7,"quite a lot",3,4,2,3,1,2,2,2,4,3,4,4,3,3
12,7,"quite a lot",2,3,3,2,3,4,2,4,3,3,2,4,3,3
12,6,"quite a lot",2,3,2,2,2,2,3,3,3,2,3,4,3,2
12,3,"quite a lot",3,2,1,3,3,4,3,2,5,3,3,2,3,3
12,8,"too much",4,5,3,2,4,4,1,4,1,3,3,2,3,2
12,9,"quite a lot",3,5,3,3,3,2,3,2,4,4,4,1,2,2
12,5,"a little bit",1,1,1,1,1,1,1,1,1,1,1,5,1,1
12,4,"somewhat",4,3,5,3,2,2,2,3,1,4,4,3,2,4
12,8,"a little bit",5,4,3,2,2,1,2,3,2,2,3,4,2,3
12,9,"quite a lot",5,4,4,2,2,3,1,3,3,2,3,4,3,5
12,6,"a little bit",3,2,2,2,3,2,3,2,3,3,2,3,2,2
12,5,"a little bit",3,2,2,2,2,2,3,2,2,3,2,4,3,3
12,8,"somewhat",2,2,3,2,2,2,4,4,2,3,2,4,2,2
12,9,"too much",5,4,4,2,2,3,1,4,1,1,4,4,4,3
12,9,"quite a lot",4,3,3,2,2,2,3,3,3,4,1,3,4,2
12,9,"a little bit",2,3,3,2,2,2,2,2,3,2,3,4,2,2
12,4,"somewhat",4,4,3,2,3,3,3,3,3,2,5,5,2,4
12,7,"quite a lot",3,3,2,3,3,3,2,4,3,1,3,4,2,2
12,2,"quite a lot",4,4,4,3,2,1,1,3,1,2,4,5,2,4
12,8,"a little bit",4,2,4,2,3,4,2,2,2,2,4,3,3,3
12,1,"somewhat",1,1,1,5,3,2,2,1,5,2,1,3,2,3
12,7,"too much",3,4,2,2,3,2,3,4,2,2,3,5,3,3
12,6,"not at all",5,5,4,1,2,2,1,5,2,2,5,5,2,5
12,8,"somewhat",3,4,3,2,3,2,2,4,3,3,4,4,3,3
12,8,"quite a lot",4,3,5,2,2,2,1,3,2,3,5,4,2,3
12,5,"somewhat",4,3,4,3,1,2,3,3,1,2,4,5,2,5
12,10,"quite a lot",5,5,5,2,1,1,2,5,2,2,4,4,1,4
12,8,"quite a lot",4,4,5,1,2,3,2,3,3,2,5,3,2,4
12,9,"not at all",5,4,5,2,1,1,2,5,2,2,5,4,1,5
12,7,"quite a lot",4,5,5,2,3,2,1,5,1,2,4,3,2,4
12,6,"quite a lot",1,2,1,5,4,4,5,1,4,3,2,2,5,2
12,6,"quite a lot",4,4,3,3,1,2,2,4,2,2,3,3,3,4
12,9,"quite a lot",4,4,2,2,1,2,2,3,1,2,4,5,2,3
13,7,"a little bit",2,2,3,2,1,2,2,1,2,1,2,5,2,1
13,5,"somewhat",2,4,1,2,2,1,2,1,2,2,1,4,2,2
13,3,"not at all",3,2,2,2,2,2,3,2,2,2,3,3,2,2
13,9,"quite a lot",2,4,3,3,2,3,4,2,2,3,3,3,2,3
13,7,"a little bit",2,4,2,3,3,2,3,1,5,2,2,2,3,2
13,10,"somewhat",4,3,4,3,3,1,1,3,2,2,4,4,2,3
13,8,"not at all",3,4,5,4,4,5,5,4,4,5,3,4,2,4
13,6,"quite a lot",2,4,1,2,2,2,2,2,1,3,3,3,2,1
13,6,"not at all",3,4,3,2,3,3,2,3,2,3,4,4,2,3
13,4,"a little bit",3,3,2,3,3,2,5,2,5,2,3,2,3,3
13,7,"quite a lot",5,4,3,1,3,1,1,4,3,3,4,3,2,3
13,8,"quite a lot",4,4,3,1,1,2,1,4,3,1,4,4,2,3
13,8,"quite a lot",3,4,4,2,2,1,3,3,1,2,4,4,1,5
13,7,"quite a lot",4,4,3,2,4,3,3,2,3,2,2,2,2,2
13,8,"quite a lot",3,2,4,1,3,4,2,3,3,2,5,2,3,3
13,8,"somewhat",3,4,2,5,4,3,3,4,2,2,3,2,2,1
13,9,"somewhat",2,5,4,4,1,1,5,5,2,4,2,4,4,4
13,6,"a little bit",2,4,2,4,4,3,2,3,2,3,4,2,3,3
13,9,"quite a lot",4,4,3,1,3,2,1,3,3,2,3,4,2,5
13,8,"somewhat",3,2,3,3,3,3,3,4,3,3,3,3,3,3
13,3,"somewhat",5,1,2,1,2,1,1,2,1,1,1,3,1,1
13,8,"a little bit",3,2,3,3,3,2,3,3,2,2,4,5,3,2
13,8,"quite a lot",2,1,4,1,2,4,3,3,3,2,4,3,3,2
13,7,"quite a lot",2,4,4,3,3,3,3,2,3,2,3,4,3,4
13,8,"somewhat",4,4,4,4,3,3,4,4,2,2,4,3,3,2
13,10,"quite a lot",3,1,5,1,1,5,5,3,5,4,5,4,3,4
13,8,"somewhat",2,3,4,1,2,1,2,1,1,2,3,4,2,1
13,4,"somewhat",2,4,2,2,2,2,2,3,2,3,4,5,2,2
13,7,"too much",5,5,4,1,2,2,2,3,2,3,3,5,2,3
13,9,"quite a lot",3,4,3,2,2,2,3,3,3,2,4,3,3,3
13,8,"quite a lot",3,3,3,2,1,4,4,1,3,3,4,5,4,4
13,3,"a little bit",3,3,3,3,3,3,3,3,3,3,3,3,3,3
13,9,"a little bit",2,2,2,3,3,2,3,2,3,2,3,4,2,2
13,8,"a little bit",4,4,4,1,2,1,1,5,1,2,4,4,2,5
13,6,"quite a lot",5,4,4,3,1,3,4,3,3,1,4,4,2,5
13,4,"not at all",5,4,4,2,2,2,2,5,3,1,5,5,2,4
13,9,"quite a lot",4,4,4,3,1,2,2,3,1,2,3,3,2,5
13,7,"quite a lot",5,4,4,3,2,3,3,4,3,2,4,3,2,3
13,10,"somewhat",2,3,4,3,4,3,4,2,3,4,2,2,3,3
13,6,"somewhat",3,4,2,2,3,3,3,4,3,3,4,4,2,4
13,7,"a little bit",2,1,3,2,2,3,3,2,2,2,1,4,3,1
13,5,"a little bit",2,2,2,1,1,1,1,2,2,2,2,4,1,1
13,6,"a little bit",2,4,2,2,1,1,3,1,3,1,2,5,2,1
13,10,"too much",5,4,5,1,2,2,2,4,2,1,3,4,3,5
13,10,"a little bit",3,5,5,2,3,2,3,4,3,3,3,4,3,3
13,7,"a little bit",3,3,3,2,3,3,2,3,3,2,3,3,4,3
13,8,"a little bit",3,2,3,2,2,2,3,2,2,2,1,3,2,2
13,9,"quite a lot",2,2,3,4,2,2,3,4,2,3,4,3,4,2
13,8,"a little bit",4,3,3,3,3,2,3,3,3,2,4,4,4,3
13,6,"too much",4,4,5,2,3,3,3,5,2,2,4,3,2,2
13,6,"quite a lot",4,4,3,1,2,3,2,4,4,4,3,5,4,3
13,7,"a little bit",3,3,3,3,3,3,4,4,3,2,3,4,3,3
13,9,"a little bit",5,2,5,5,5,5,1,5,5,5,5,5,3,5
13,8,"somewhat",4,5,4,2,3,4,2,4,3,3,2,4,1,3
13,9,"quite a lot",5,5,4,2,1,1,1,5,2,2,5,4,2,4
13,8,"too much",4,4,2,1,2,1,2,4,3,1,4,4,2,3
13,7,"a little bit",4,3,4,2,3,3,3,3,2,3,4,4,3,4
13,8,"too much",4,3,5,3,2,3,2,3,2,3,4,3,3,4
13,7,"somewhat",3,2,2,4,3,2,2,3,3,4,3,3,3,3
13,10,"quite a lot",4,1,3,4,3,4,5,1,1,5,1,5,2,1
13,5,"quite a lot",3,3,1,2,4,4,3,3,4,3,3,4,4,3
13,1,"not at all",2,1,3,5,3,2,3,1,2,2,2,4,1,1
13,1,"a little bit",3,3,4,2,2,2,1,4,1,1,4,3,3,5
13,3,"not at all",2,2,2,3,3,2,2,2,2,2,2,4,2,2
13,1,"somewhat",4,5,4,2,2,3,2,1,1,1,3,4,1,1
13,7,"somewhat",3,2,3,3,3,1,4,1,3,3,4,5,1,2
13,5,"somewhat",2,3,3,3,2,3,2,3,4,3,4,4,3,4
13,6,"somewhat",3,3,3,1,2,3,2,3,2,2,3,3,2,3
13,8,"quite a lot",3,3,3,3,3,3,3,3,3,3,3,4,2,3
13,8,"somewhat",2,1,1,5,3,4,1,1,5,2,1,4,4,3
13,9,"somewhat",3,5,4,2,1,1,3,4,1,2,4,5,3,4
13,5,"somewhat",3,2,3,4,4,5,2,1,3,5,4,3,4,2
13,3,"quite a lot",5,3,4,2,4,3,3,4,3,1,3,4,2,4
13,2,"not at all",1,1,1,1,3,1,1,1,1,1,1,3,3,1
13,8,"not at all",3,4,3,2,3,3,2,2,2,3,4,3,2,3
13,4,"a little bit",3,2,4,2,3,3,3,4,3,2,3,3,2,3
13,7,"a little bit",4,4,3,2,3,3,4,3,4,3,4,4,3,3
13,8,"somewhat",4,3,3,4,2,4,2,4,3,4,2,3,2,4
13,3,"not at all",1,1,1,2,5,2,3,1,2,3,1,1,3,1
13,8,"quite a lot",2,5,2,1,5,2,2,2,2,2,3,3,2,2
13,10,"somewhat",4,3,4,2,2,3,3,3,1,2,3,3,3,4
13,9,"quite a lot",4,4,3,3,3,3,3,3,2,3,3,4,3,4
13,9,"too much",4,4,4,2,1,2,1,5,2,3,3,3,2,3
13,4,"somewhat",2,2,2,2,2,2,3,1,2,2,2,5,2,1
13,7,"quite a lot",4,1,4,2,4,2,4,5,4,1,5,4,2,2
13,7,"a little bit",4,3,4,2,3,3,2,5,3,4,3,2,1,3
13,8,"quite a lot",4,3,3,1,2,4,1,4,2,2,3,3,3,4
14,8,"a little bit",2,3,2,2,2,2,2,1,2,2,2,4,2,1
14,6,"not at all",5,4,3,3,4,3,4,4,4,5,4,4,4,3
14,9,"quite a lot",3,4,3,4,3,2,3,4,4,4,1,3,3,3
14,10,"too much",5,4,4,2,1,1,1,4,3,1,4,5,2,5
14,10,"too much",4,4,5,1,1,2,1,4,2,1,4,5,2,4
14,10,"somewhat",2,3,3,2,2,2,3,3,2,3,2,3,2,3
14,8,"somewhat",3,3,4,4,2,4,3,4,2,4,4,3,2,4
14,8,"quite a lot",3,2,3,3,4,2,3,4,4,2,4,4,3,3
14,8,"somewhat",3,4,3,4,4,4,3,4,5,4,5,4,3,4
14,6,"somewhat",4,4,3,3,4,3,2,3,2,3,3,3,3,2
14,5,"a little bit",4,4,3,2,4,3,3,2,3,2,4,3,3,2
14,8,"not at all",4,4,2,3,3,3,2,3,3,2,3,3,3,3
14,1,"not at all",1,1,1,2,5,5,5,1,5,5,1,3,2,1
14,9,"somewhat",3,3,5,2,3,2,4,2,2,2,4,4,2,2
14,8,"quite a lot",4,5,5,3,4,3,4,4,4,3,5,5,3,4
14,8,"a little bit",2,3,3,4,4,2,3,2,2,3,3,3,2,2
14,5,"quite a lot",3,4,3,2,2,3,4,2,2,4,4,4,4,4
14,2,"a little bit",3,3,5,3,4,4,3,4,3,4,3,5,2,4
14,3,"a little bit",2,4,2,1,1,1,3,1,2,3,2,3,2,1
14,8,"quite a lot",3,4,5,1,2,3,2,4,5,2,4,3,2,5
14,10,"quite a lot",3,5,4,2,1,1,2,5,1,2,5,3,2,5
14,9,"somewhat",3,4,3,2,2,2,3,5,2,1,5,4,2,5
14,8,"a little bit",2,4,3,3,3,3,3,3,3,3,2,3,3,3
14,4,"not at all",1,1,1,1,1,1,2,1,2,1,1,3,1,1
14,8,"quite a lot",5,5,5,1,2,2,2,4,1,2,5,4,2,5
14,6,"somewhat",3,3,3,3,3,3,3,3,3,3,3,3,3,3
14,9,"too much",5,3,3,3,2,2,2,3,1,3,4,5,1,4
14,8,"quite a lot",3,3,4,2,3,3,3,4,3,2,4,4,3,4
14,5,"somewhat",4,4,4,2,3,2,3,4,3,3,3,3,3,4
14,8,"somewhat",4,2,4,4,3,3,2,3,3,2,4,4,4,3
14,2,"too much",2,3,3,3,2,3,2,2,2,3,2,3,3,3
14,10,"too much",4,3,3,2,2,2,3,4,2,3,3,3,4,4
14,6,"too much",5,3,4,2,3,3,2,3,1,4,4,4,1,2
14,8,"quite a lot",4,3,4,1,3,2,1,3,2,2,4,3,2,3
14,8,"quite a lot",3,3,5,2,3,2,2,5,1,2,5,4,2,3
14,10,"somewhat",4,3,4,1,1,2,1,3,2,2,2,3,4,3
14,7,"somewhat",4,3,3,4,3,2,4,4,4,3,3,2,2,4
14,8,"quite a lot",3,3,4,3,2,3,3,4,2,2,3,4,3,3
14,10,"quite a lot",4,3,5,3,2,3,3,3,3,4,3,4,3,4
14,3,"a little bit",5,5,5,4,5,5,5,5,5,5,5,5,3,5
14,8,"too much",4,5,5,2,4,3,3,4,1,2,3,5,2,4
14,10,"a little bit",4,4,4,3,2,3,1,4,3,2,4,3,1,5
14,7,"somewhat",4,4,4,2,3,1,3,3,3,2,5,3,2,4
14,8,"too much",5,4,4,1,2,2,1,4,1,1,5,5,2,4
14,6,"a little bit",3,3,2,2,1,1,2,2,2,1,2,4,2,2
14,2,"quite a lot",2,5,3,2,2,1,3,4,3,2,3,5,2,1
14,7,"a little bit",3,2,3,2,3,3,3,2,4,3,3,3,3,4
14,8,"not at all",3,3,3,3,3,3,3,3,3,3,3,3,3,3
14,6,"quite a lot",4,2,3,3,3,2,1,5,2,2,3,5,2,3
14,9,"quite a lot",4,4,4,1,1,1,2,3,2,2,3,3,2,3
14,3,"a little bit",2,2,2,2,2,2,2,2,2,2,2,4,2,2
14,8,"somewhat",4,4,2,2,3,3,4,4,2,3,3,2,2,4
14,9,"quite a lot",4,5,5,2,2,1,1,5,2,2,4,4,3,5
14,9,"a little bit",3,3,4,3,3,3,2,4,3,2,4,4,2,3
14,10,"not at all",4,5,5,3,2,4,4,5,4,4,1,2,4,4
14,8,"quite a lot",4,3,3,2,2,4,2,3,4,2,2,3,2,3
14,5,"a little bit",3,4,4,3,3,3,3,4,3,3,4,4,2,4
14,9,"quite a lot",3,4,3,3,2,3,3,2,3,3,3,3,3,3
14,8,"somewhat",4,3,3,1,3,1,1,4,3,2,2,3,2,4
14,6,"quite a lot",3,3,3,4,3,2,2,3,4,2,3,3,3,2
14,5,"not at all",2,3,3,3,3,3,3,2,3,3,2,3,3,3
14,8,"somewhat",3,3,3,2,3,3,4,3,2,4,4,5,2,3
14,6,"quite a lot",4,4,3,2,3,2,3,4,3,3,4,3,3,4
14,9,"somewhat",3,4,3,2,2,1,2,4,2,1,3,4,2,4
14,8,"somewhat",2,4,3,3,3,3,4,3,4,2,3,2,3,4
14,8,"somewhat",3,3,3,3,3,3,3,3,3,3,3,3,3,3
14,6,"somewhat",2,3,2,1,1,2,2,2,1,2,3,5,1,2
14,8,"a little bit",4,2,4,4,3,3,4,3,4,3,2,3,3,4
14,8,"somewhat",4,2,2,4,4,3,3,4,2,3,2,3,2,4
14,5,"a little bit",2,1,3,2,2,2,2,1,2,2,2,4,2,1
14,9,"somewhat",3,4,3,2,1,3,3,2,2,4,2,4,2,3
14,7,"somewhat",3,3,2,3,2,2,2,3,3,3,4,4,2,3
14,8,"somewhat",2,4,3,3,2,4,3,3,2,3,3,2,4,2
14,9,"a little bit",3,4,4,3,1,2,3,4,2,1,4,5,2,4
14,8,"quite a lot",5,2,5,2,4,4,3,3,4,3,3,3,3,2
14,4,"somewhat",4,4,3,3,3,3,3,4,3,3,3,3,3,3
14,6,"a little bit",4,3,3,3,2,4,3,4,3,3,1,2,2,4
14,8,"somewhat",3,4,5,1,2,2,1,4,2,3,5,5,3,5
14,4,"a little bit",2,2,3,2,2,2,2,2,3,2,2,3,3,2
14,8,"somewhat",2,1,3,1,2,1,3,1,1,2,2,4,1,1
14,6,"quite a lot",2,3,1,2,3,1,2,2,3,2,2,3,2,3
14,8,"somewhat",3,4,3,3,2,2,2,4,3,3,3,3,3,4
14,7,"too much",5,4,4,1,3,2,2,3,3,2,4,3,1,5
15,6,"quite a lot",4,5,3,3,3,1,1,4,2,1,4,3,3,3
15,4,"a little bit",1,1,1,1,1,1,1,1,1,1,1,5,1,1
15,10,"too much",3,4,3,2,2,3,2,5,4,3,3,4,2,2
15,7,"quite a lot",3,4,3,3,2,2,3,3,2,3,4,4,3,3
15,5,"somewhat",2,3,3,2,2,2,3,2,2,3,2,3,2,3
15,9,"somewhat",4,4,5,3,2,3,2,4,3,1,3,3,4,5
15,3,"a little bit",2,2,3,1,1,1,3,1,2,2,1,5,1,1
15,6,"somewhat",4,2,4,1,4,1,3,4,3,3,3,4,5,4
15,10,"somewhat",3,2,5,3,4,4,5,4,4,4,4,5,3,4
15,7,"quite a lot",2,2,2,3,3,2,3,2,4,3,3,4,2,3
15,7,"quite a lot",2,1,3,3,2,2,2,1,2,2,1,4,2,1
15,8,"a little bit",3,3,4,4,4,3,4,5,2,3,5,4,2,3
15,7,"somewhat",4,3,2,3,4,4,4,3,3,2,3,4,3,3
15,8,"a little bit",3,2,3,1,2,2,3,5,2,3,3,3,3,4
15,8,"somewhat",4,4,3,2,2,3,2,3,2,2,3,4,2,3
15,9,"somewhat",4,3,5,2,1,2,2,3,2,1,3,5,2,5
15,2,"not at all",3,1,4,2,1,2,2,1,2,2,2,3,2,2
15,3,"a little bit",1,3,1,2,3,2,3,1,3,5,1,3,3,1
15,9,"somewhat",3,4,3,3,2,2,2,3,5,2,2,4,2,2
15,9,"quite a lot",3,4,3,3,3,2,2,4,2,2,4,3,3,4
15,10,"too much",5,5,4,1,1,2,2,5,1,1,4,4,2,4
15,9,"not at all",3,3,4,2,3,3,3,4,3,3,3,3,3,3
15,3,"not at all",2,2,2,2,2,2,3,2,2,2,2,3,2,2
15,4,"somewhat",4,2,3,4,3,3,4,3,2,2,4,4,3,3
15,5,"quite a lot",3,4,4,2,2,3,2,4,2,1,3,3,2,5
15,8,"somewhat",2,4,3,2,3,2,4,2,3,2,3,2,2,4
15,10,"somewhat",3,4,3,2,1,2,2,3,3,2,3,4,2,3
15,8,"quite a lot",2,3,2,2,4,1,3,2,2,2,1,5,1,1
15,4,"a little bit",2,2,2,1,1,1,1,1,1,1,2,3,1,1
15,10,"quite a lot",4,4,5,2,1,2,1,4,2,2,5,5,1,5
15,3,"not at all",1,1,2,3,3,3,3,1,3,3,1,3,3,1
15,4,"quite a lot",5,2,3,2,2,1,2,3,3,3,4,3,2,3
15,4,"a little bit",2,2,2,2,3,2,3,2,2,3,1,3,1,2
15,6,"somewhat",2,2,2,1,2,2,1,1,1,2,3,4,1,4
15,8,"somewhat",4,5,3,2,3,3,2,4,2,2,5,3,2,4
15,7,"somewhat",5,3,3,3,2,2,2,3,2,3,3,4,3,4
15,1,"a little bit",3,3,3,3,3,3,3,3,3,3,3,3,3,3
15,4,"a little bit",2,2,2,2,2,2,2,2,2,2,2,4,2,2
15,5,"somewhat",5,4,4,3,2,2,1,5,3,1,1,4,1,4
15,9,"not at all",3,2,3,2,2,2,3,2,2,2,3,5,3,3
15,7,"a little bit",4,4,4,3,3,3,3,4,2,3,3,3,4,4
15,3,"a little bit",1,1,2,5,5,5,3,2,5,3,2,1,5,1
15,6,"too much",5,4,4,1,2,1,1,4,2,1,5,5,2,4
15,7,"quite a lot",2,2,2,3,2,3,2,2,3,2,4,3,2,3
15,4,"somewhat",4,3,3,3,3,2,2,2,2,2,4,3,1,3
15,10,"somewhat",4,4,5,3,2,2,2,5,3,1,3,2,2,3
15,2,"a little bit",2,2,3,1,1,1,2,2,2,1,2,4,1,2
15,9,"somewhat",3,3,2,2,2,3,2,3,2,3,2,3,3,2
15,7,"a little bit",3,2,3,2,3,2,2,4,3,3,3,3,3,4
15,10,"quite a lot",5,4,3,2,1,3,2,4,2,2,5,5,1,4
15,4,"somewhat",4,3,1,3,1,3,3,4,2,2,4,3,2,2
15,10,"quite a lot",3,3,4,3,2,2,2,4,3,2,3,5,3,4
15,4,"a little bit",3,4,4,3,3,3,3,4,2,3,3,5,3,3
15,7,"not at all",4,3,3,4,2,5,5,5,2,4,5,5,2,2
15,9,"too much",4,4,4,2,2,3,2,4,3,3,3,3,2,4
15,3,"somewhat",2,2,2,3,3,3,3,3,2,2,3,4,2,3
15,7,"not at all",4,4,4,3,3,3,4,4,3,3,1,5,3,3
15,8,"a little bit",3,4,4,2,2,2,3,3,4,3,2,5,4,3
15,9,"somewhat",4,4,4,2,3,1,2,4,2,1,4,5,2,4
15,8,"quite a lot",2,5,2,3,3,3,2,1,3,2,3,5,2,3
15,9,"quite a lot",4,5,3,1,3,3,2,5,3,2,4,5,2,3
15,4,"not at all",2,3,4,3,3,3,5,4,3,3,2,4,4,4
15,7,"somewhat",4,5,5,2,2,1,1,5,1,2,4,4,1,4
15,3,"a little bit",5,4,3,3,2,1,2,5,3,3,4,3,3,4
15,9,"quite a lot",4,1,2,1,3,1,2,1,2,1,2,5,2,1
15,2,"somewhat",4,3,3,4,3,2,3,4,4,3,1,2,2,4
15,9,"somewhat",4,3,2,3,3,3,3,3,3,4,4,4,2,3
15,8,"quite a lot",3,5,4,1,4,4,4,2,3,1,5,5,3,4
15,7,"somewhat",2,1,2,2,4,2,2,4,4,3,1,3,3,3
15,3,"somewhat",3,3,2,1,2,2,4,5,1,3,4,4,2,3
15,8,"a little bit",3,3,4,2,3,2,4,4,3,4,3,5,2,5
15,5,"not at all",2,1,1,3,3,2,2,1,2,2,2,3,2,1
15,7,"somewhat",4,3,4,3,3,2,3,3,3,2,2,4,3,4
15,7,"somewhat",3,2,3,2,2,3,2,3,3,3,3,4,4,3
15,2,"a little bit",3,5,4,4,4,4,5,3,3,4,3,4,2,4
15,4,"somewhat",3,4,3,3,4,2,4,3,4,2,3,4,3,4
15,8,"somewhat",4,4,3,3,3,3,4,4,2,3,4,4,3,5
15,6,"quite a lot",4,2,3,1,2,1,2,1,2,2,3,5,1,1
15,8,"a little bit",3,2,3,2,2,2,3,2,2,2,3,5,2,3
15,6,"quite a lot",4,4,4,2,2,2,2,4,3,2,4,4,2,4
15,9,"quite a lot",5,4,5,3,1,2,2,3,2,2,4,4,2,4
15,3,"quite a lot",3,4,2,3,3,5,3,4,3,4,4,4,2,3
15,10,"too much",3,2,5,2,3,3,3,3,3,4,4,3,3,3
15,6,"too much",4,4,3,2,2,2,2,4,2,3,3,4,3,3
15,6,"quite a lot",3,4,3,2,2,3,3,4,2,2,4,3,3,3
15,8,"quite a lot",3,4,3,2,2,3,1,5,2,2,5,4,1,4
15,4,"a little bit",1,1,2,1,1,1,2,1,1,1,1,3,1,1
15,8,"too much",3,3,4,2,2,3,3,3,3,2,4,5,2,4
16,7,"a little bit",3,4,2,3,3,3,3,4,2,4,2,3,4,3
16,3,"somewhat",1,1,2,2,2,2,2,2,2,2,1,4,1,2
16,9,"quite a lot",5,5,1,2,2,2,1,4,1,2,4,3,2,5
16,9,"quite a lot",5,4,5,3,3,2,4,3,2,3,2,4,3,4
16,9,"too much",3,5,4,2,2,1,3,4,1,2,1,5,1,4
16,8,"quite a lot",3,3,3,3,2,1,2,4,2,2,3,3,2,3
16,9,"too much",4,4,5,1,2,1,1,4,2,2,5,4,1,5
16,7,"a little bit",5,4,3,2,4,2,4,3,3,3,5,3,3,4
16,7,"somewhat",4,3,5,2,2,3,3,3,2,2,4,4,2,3
16,9,"quite a lot",4,3,4,2,2,1,3,4,2,2,4,3,1,5
16,8,"too much",3,5,4,3,2,3,1,3,2,2,4,5,2,4
16,7,"a little bit",5,5,4,4,3,4,2,4,3,4,4,2,3,4
16,8,"somewhat",2,1,3,2,2,2,3,1,2,2,2,3,2,2
16,5,"not at all",5,4,4,3,3,3,4,3,2,4,5,4,4,3
16,9,"too much",2,3,1,1,3,5,2,4,4,3,5,3,2,3
16,4,"a little bit",1,1,1,1,1,1,1,1,1,1,1,5,1,1
16,6,"not at all",5,1,3,4,3,4,2,5,2,5,2,2,2,3
16,5,"somewhat",3,3,2,2,3,2,3,2,3,3,3,4,3,2
16,10,"quite a lot",3,4,5,1,2,2,3,3,1,1,4,5,3,5
16,10,"not at all",5,5,5,3,1,2,3,3,3,3,4,3,1,3
16,8,"somewhat",4,2,4,3,3,2,4,4,2,2,3,4,1,5
16,7,"too much",4,4,3,3,3,2,3,4,2,1,4,3,2,3
16,8,"a little bit",4,5,5,3,3,3,3,5,1,2,3,3,2,3
16,8,"not at all",2,1,3,2,2,2,2,1,2,2,2,5,1,1
16,6,"quite a lot",1,3,3,2,4,2,3,2,4,3,3,4,3,2
16,9,"too much",4,3,5,2,3,3,3,4,3,2,4,5,3,5
16,4,"not at all",5,5,5,5,5,4,4,1,5,5,5,3,2,1
16,4,"not at all",2,3,3,3,3,4,4,2,3,4,3,3,4,2
16,8,"quite a lot",3,2,3,3,2,2,2,2,4,2,3,5,3,3
16,8,"quite a lot",4,5,4,4,2,1,1,3,1,1,5,4,2,4
16,10,"too much",4,5,5,1,1,3,1,4,1,2,4,4,3,3
16,3,"a little bit",2,1,2,2,1,1,1,1,3,1,2,5,2,1
16,7,"quite a lot",4,3,4,2,3,2,2,4,3,4,3,4,3,3
16,8,"quite a lot",4,4,4,2,2,2,2,4,2,2,4,4,2,4
16,7,"somewhat",5,4,5,3,2,1,2,5,1,2,4,4,2,4
16,4,"not at all",1,1,2,2,2,2,2,1,2,2,1,3,2,1
16,8,"somewhat",3,4,3,3,4,3,2,4,3,3,3,4,2,3
16,9,"quite a lot",3,1,1,1,1,1,3,1,2,3,3,5,1,5
16,5,"quite a lot",4,3,4,3,2,2,2,4,1,3,5,5,1,3
16,4,"quite a lot",1,1,1,4,4,1,2,2,4,3,2,1,3,2
16,10,"not at all",2,1,2,2,2,2,2,1,2,2,2,3,1,1
16,10,"too much",4,5,4,1,3,2,2,5,2,2,5,5,2,5
16,8,"quite a lot",3,3,5,2,3,3,1,3,1,3,3,5,2,3
16,8,"somewhat",3,3,4,2,2,3,2,3,1,2,3,4,2,4
16,6,"somewhat",2,4,2,2,3,2,3,2,3,2,2,4,2,2
16,8,"somewhat",4,2,4,3,5,2,2,2,2,2,1,4,2,3
16,7,"a little bit",2,2,2,2,3,3,4,1,2,4,2,4,2,1
16,8,"somewhat",3,3,2,4,2,2,3,4,1,3,4,5,4,3
16,8,"a little bit",3,2,2,3,3,4,3,3,2,3,4,3,3,3
16,7,"quite a lot",2,2,3,2,2,1,2,2,2,2,1,3,1,2
16,6,"a little bit",2,3,2,2,4,3,3,3,2,3,4,3,2,4
16,4,"somewhat",3,4,3,3,2,3,2,4,2,2,3,3,3,2
16,7,"quite a lot",4,3,2,2,3,4,2,4,4,1,4,3,4,2
16,7,"quite a lot",2,2,3,2,2,3,2,3,3,3,3,4,2,4
16,6,"a little bit",4,2,4,3,2,3,4,4,3,3,4,3,3,2
16,9,"not at all",4,5,5,3,4,3,3,4,4,3,4,5,3,3
16,3,"somewhat",5,4,2,4,3,3,2,4,3,3,3,4,4,4
16,8,"too much",4,5,4,1,3,2,2,4,2,2,5,5,1,4
16,2,"a little bit",2,2,3,2,2,2,2,2,2,2,2,3,2,2
16,7,"quite a lot",2,3,3,1,2,1,3,1,4,2,4,2,3,5
16,5,"a little bit",2,3,3,3,3,3,3,2,4,3,2,2,4,2
16,10,"quite a lot",5,4,4,3,1,2,2,4,3,3,3,3,2,5
16,3,"somewhat",5,3,3,2,2,2,1,5,4,3,4,3,3,2
16,6,"somewhat",4,4,3,3,2,3,3,3,3,2,3,4,2,3
16,8,"somewhat",2,2,3,2,2,2,3,2,2,2,3,3,2,2
16,8,"quite a lot",5,5,4,3,4,4,4,4,5,4,4,5,4,4
16,8,"a little bit",2,3,3,3,2,2,3,4,2,1,3,5,3,5
16,8,"quite a lot",3,4,4,2,3,2,1,4,4,3,3,3,3,4
16,8,"somewhat",3,3,4,4,3,2,3,4,3,2,4,3,2,3
16,8,"a little bit",3,2,1,3,2,2,1,5,2,4,4,2,3,3
16,7,"somewhat",2,3,2,2,4,2,3,4,3,3,3,3,2,3
16,7,"quite a lot",2,3,4,2,3,4,4,4,3,2,3,4,2,3
16,9,"quite a lot",4,4,5,3,3,2,2,3,3,2,4,4,1,3
16,8,"somewhat",4,4,4,2,2,3,3,2,3,3,4,3,2,3
16,2,"a little bit",3,1,2,3,3,1,2,3,2,2,3,5,2,3
16,3,"quite a lot",1,4,5,5,5,2,5,1,3,5,1,1,5,5
16,7,"too much",5,4,2,2,3,4,3,4,3,1,3,3,1,2
16,4,"quite a lot",4,5,5,1,2,1,1,5,2,2,4,5,2,4
16,7,"a little bit",4,4,4,3,2,2,2,2,2,1,4,4,3,4
16,7,"quite a lot",3,4,4,4,3,1,2,5,3,3,2,4,3,4
16,5,"a little bit",2,4,3,3,3,3,3,3,3,3,3,2,4,4
16,7,"not at all",1,5,1,3,1,2,4,2,1,1,2,3,2,2
16,10,"quite a lot",4,4,5,1,2,2,2,3,4,1,5,4,1,3
16,5,"too much",3,2,2,2,3,1,1,4,3,2,4,5,4,1
16,3,"a little bit",2,1,2,1,2,1,2,2,2,2,2,3,2,1
16,2,"a little bit",1,1,2,1,1,2,2,1,1,2,1,4,1,1
16,10,"not at all",2,3,5,4,4,4,4,3,4,4,3,4,3,5
17,3,"not at all",1,1,1,2,1,1,1,1,1,1,1,4,2,1
